2025-07-27 14:12:54 - agentic_system - ERROR - Failed to initialize Kafka admin client: NoBrokersAvailable
2025-07-27 14:12:54 - agentic_system - INFO - Agent registered: english_teacher_001 -> english_teacher
2025-07-27 14:12:54 - agentic_system - INFO - Agent registered: chinese_teacher_001 -> chinese_teacher
2025-07-27 14:34:39 - agentic_system - INFO - Kafka admin client initialized successfully
2025-07-27 14:34:39 - agentic_system - INFO - Agent registered: english_teacher_001 -> english_teacher
2025-07-27 14:34:39 - agentic_system - INFO - Agent registered: chinese_teacher_001 -> chinese_teacher
2025-07-27 14:34:40 - agentic_system - INFO - Kafka admin client initialized successfully
2025-07-27 14:34:40 - agentic_system - INFO - Agent registered: english_teacher_001 -> english_teacher
2025-07-27 14:34:40 - agentic_system - INFO - Agent registered: chinese_teacher_001 -> chinese_teacher
2025-07-27 14:34:41 - agentic_system - INFO - Kafka admin client initialized successfully
2025-07-27 14:34:41 - agentic_system - INFO - Agent registered: english_teacher_001 -> english_teacher
2025-07-27 14:34:41 - agentic_system - INFO - Agent registered: chinese_teacher_001 -> chinese_teacher
2025-07-27 14:34:42 - agentic_system - INFO - Kafka admin client initialized successfully
2025-07-27 14:34:42 - agentic_system - INFO - Agent registered: english_teacher_001 -> english_teacher
2025-07-27 14:34:42 - agentic_system - INFO - Agent registered: chinese_teacher_001 -> chinese_teacher
2025-07-27 14:34:43 - agentic_system - INFO - Kafka admin client initialized successfully
2025-07-27 14:34:43 - agentic_system - INFO - Agent registered: english_teacher_001 -> english_teacher
2025-07-27 14:34:43 - agentic_system - INFO - Agent registered: chinese_teacher_001 -> chinese_teacher
2025-07-27 14:34:46 - agentic_system - INFO - Kafka admin client initialized successfully
2025-07-27 14:34:46 - agentic_system - INFO - Agent registered: english_teacher_001 -> english_teacher
2025-07-27 14:34:46 - agentic_system - INFO - Agent registered: chinese_teacher_001 -> chinese_teacher
2025-07-27 14:34:50 - agentic_system - INFO - Kafka admin client initialized successfully
2025-07-27 14:34:50 - agentic_system - INFO - Agent registered: english_teacher_001 -> english_teacher
2025-07-27 14:34:50 - agentic_system - INFO - Agent registered: chinese_teacher_001 -> chinese_teacher
2025-07-27 14:34:57 - agentic_system - INFO - Kafka admin client initialized successfully
2025-07-27 14:34:57 - agentic_system - INFO - Agent registered: english_teacher_001 -> english_teacher
2025-07-27 14:34:57 - agentic_system - INFO - Agent registered: chinese_teacher_001 -> chinese_teacher
2025-07-27 14:35:10 - agentic_system - INFO - Kafka admin client initialized successfully
2025-07-27 14:35:10 - agentic_system - INFO - Agent registered: english_teacher_001 -> english_teacher
2025-07-27 14:35:10 - agentic_system - INFO - Agent registered: chinese_teacher_001 -> chinese_teacher
2025-07-27 14:35:37 - agentic_system - INFO - Kafka admin client initialized successfully
2025-07-27 14:35:37 - agentic_system - INFO - Agent registered: english_teacher_001 -> english_teacher
2025-07-27 14:35:37 - agentic_system - INFO - Agent registered: chinese_teacher_001 -> chinese_teacher
2025-07-27 14:36:29 - agentic_system - INFO - Kafka admin client initialized successfully
2025-07-27 14:36:29 - agentic_system - INFO - Agent registered: english_teacher_001 -> english_teacher
2025-07-27 14:36:29 - agentic_system - INFO - Agent registered: chinese_teacher_001 -> chinese_teacher
2025-07-27 14:39:38 - agentic_system - INFO - Kafka admin client initialized successfully
2025-07-27 14:39:38 - agentic_system - INFO - Agent registered: english_teacher_001 -> english_teacher
2025-07-27 14:39:38 - agentic_system - INFO - Agent registered: chinese_teacher_001 -> chinese_teacher
2025-07-27 14:39:39 - agentic_system - INFO - Kafka admin client initialized successfully
2025-07-27 14:39:39 - agentic_system - INFO - Agent registered: english_teacher_001 -> english_teacher
2025-07-27 14:39:39 - agentic_system - INFO - Agent registered: chinese_teacher_001 -> chinese_teacher
2025-07-27 14:39:40 - agentic_system - INFO - Kafka admin client initialized successfully
2025-07-27 14:39:40 - agentic_system - INFO - Agent registered: english_teacher_001 -> english_teacher
2025-07-27 14:39:40 - agentic_system - INFO - Agent registered: chinese_teacher_001 -> chinese_teacher
2025-07-27 14:39:42 - agentic_system - INFO - Kafka admin client initialized successfully
2025-07-27 14:39:42 - agentic_system - INFO - Agent registered: english_teacher_001 -> english_teacher
2025-07-27 14:39:42 - agentic_system - INFO - Agent registered: chinese_teacher_001 -> chinese_teacher
2025-07-27 14:39:43 - agentic_system - INFO - Kafka admin client initialized successfully
2025-07-27 14:39:43 - agentic_system - INFO - Agent registered: english_teacher_001 -> english_teacher
2025-07-27 14:39:43 - agentic_system - INFO - Agent registered: chinese_teacher_001 -> chinese_teacher
2025-07-27 14:39:45 - agentic_system - INFO - Kafka admin client initialized successfully
2025-07-27 14:39:45 - agentic_system - INFO - Agent registered: english_teacher_001 -> english_teacher
2025-07-27 14:39:45 - agentic_system - INFO - Agent registered: chinese_teacher_001 -> chinese_teacher
2025-07-27 14:39:49 - agentic_system - INFO - Kafka admin client initialized successfully
2025-07-27 14:39:49 - agentic_system - INFO - Agent registered: english_teacher_001 -> english_teacher
2025-07-27 14:39:49 - agentic_system - INFO - Agent registered: chinese_teacher_001 -> chinese_teacher
2025-07-27 14:39:56 - agentic_system - INFO - Kafka admin client initialized successfully
2025-07-27 14:39:56 - agentic_system - INFO - Agent registered: english_teacher_001 -> english_teacher
2025-07-27 14:39:56 - agentic_system - INFO - Agent registered: chinese_teacher_001 -> chinese_teacher
2025-07-27 14:40:10 - agentic_system - INFO - Kafka admin client initialized successfully
2025-07-27 14:40:10 - agentic_system - INFO - Agent registered: english_teacher_001 -> english_teacher
2025-07-27 14:40:10 - agentic_system - INFO - Agent registered: chinese_teacher_001 -> chinese_teacher
2025-07-27 14:40:36 - agentic_system - INFO - Kafka admin client initialized successfully
2025-07-27 14:40:36 - agentic_system - INFO - Agent registered: english_teacher_001 -> english_teacher
2025-07-27 14:40:36 - agentic_system - INFO - Agent registered: chinese_teacher_001 -> chinese_teacher
2025-07-27 14:41:28 - agentic_system - INFO - Kafka admin client initialized successfully
2025-07-27 14:41:28 - agentic_system - INFO - Agent registered: english_teacher_001 -> english_teacher
2025-07-27 14:41:28 - agentic_system - INFO - Agent registered: chinese_teacher_001 -> chinese_teacher
2025-07-27 14:42:05 - agentic_system - INFO - Kafka admin client initialized successfully
2025-07-27 14:42:05 - agentic_system - INFO - Agent registered: english_teacher_001 -> english_teacher
2025-07-27 14:42:05 - agentic_system - INFO - Agent registered: chinese_teacher_001 -> chinese_teacher
2025-07-27 14:42:06 - agentic_system - INFO - Kafka admin client initialized successfully
2025-07-27 14:42:06 - agentic_system - INFO - Agent registered: english_teacher_001 -> english_teacher
2025-07-27 14:42:06 - agentic_system - INFO - Agent registered: chinese_teacher_001 -> chinese_teacher
2025-07-27 14:42:07 - agentic_system - INFO - Kafka admin client initialized successfully
2025-07-27 14:42:07 - agentic_system - INFO - Agent registered: english_teacher_001 -> english_teacher
2025-07-27 14:42:07 - agentic_system - INFO - Agent registered: chinese_teacher_001 -> chinese_teacher
2025-07-27 14:42:08 - agentic_system - INFO - Kafka admin client initialized successfully
2025-07-27 14:42:08 - agentic_system - INFO - Agent registered: english_teacher_001 -> english_teacher
2025-07-27 14:42:08 - agentic_system - INFO - Agent registered: chinese_teacher_001 -> chinese_teacher
2025-07-27 14:42:10 - agentic_system - INFO - Kafka admin client initialized successfully
2025-07-27 14:42:10 - agentic_system - INFO - Agent registered: english_teacher_001 -> english_teacher
2025-07-27 14:42:10 - agentic_system - INFO - Agent registered: chinese_teacher_001 -> chinese_teacher
2025-07-27 14:42:12 - agentic_system - INFO - Kafka admin client initialized successfully
2025-07-27 14:42:12 - agentic_system - INFO - Agent registered: english_teacher_001 -> english_teacher
2025-07-27 14:42:12 - agentic_system - INFO - Agent registered: chinese_teacher_001 -> chinese_teacher
2025-07-27 14:42:16 - agentic_system - INFO - Kafka admin client initialized successfully
2025-07-27 14:42:16 - agentic_system - INFO - Agent registered: english_teacher_001 -> english_teacher
2025-07-27 14:42:16 - agentic_system - INFO - Agent registered: chinese_teacher_001 -> chinese_teacher
2025-07-27 14:42:23 - agentic_system - INFO - Kafka admin client initialized successfully
2025-07-27 14:42:23 - agentic_system - INFO - Agent registered: english_teacher_001 -> english_teacher
2025-07-27 14:42:23 - agentic_system - INFO - Agent registered: chinese_teacher_001 -> chinese_teacher
2025-07-27 14:42:52 - agentic_system - INFO - Kafka admin client initialized successfully
2025-07-27 14:42:52 - agentic_system - INFO - Agent registered: english_teacher_001 -> english_teacher
2025-07-27 14:42:52 - agentic_system - INFO - Agent registered: chinese_teacher_001 -> chinese_teacher
2025-07-27 14:42:53 - agentic_system - INFO - Kafka admin client initialized successfully
2025-07-27 14:42:53 - agentic_system - INFO - Agent registered: english_teacher_001 -> english_teacher
2025-07-27 14:42:53 - agentic_system - INFO - Agent registered: chinese_teacher_001 -> chinese_teacher
2025-07-27 14:42:54 - agentic_system - INFO - Kafka admin client initialized successfully
2025-07-27 14:42:54 - agentic_system - INFO - Agent registered: english_teacher_001 -> english_teacher
2025-07-27 14:42:54 - agentic_system - INFO - Agent registered: chinese_teacher_001 -> chinese_teacher
2025-07-27 14:42:55 - agentic_system - INFO - Kafka admin client initialized successfully
2025-07-27 14:42:55 - agentic_system - INFO - Agent registered: english_teacher_001 -> english_teacher
2025-07-27 14:42:55 - agentic_system - INFO - Agent registered: chinese_teacher_001 -> chinese_teacher
2025-07-27 14:42:57 - agentic_system - INFO - Kafka admin client initialized successfully
2025-07-27 14:42:57 - agentic_system - INFO - Agent registered: english_teacher_001 -> english_teacher
2025-07-27 14:42:57 - agentic_system - INFO - Agent registered: chinese_teacher_001 -> chinese_teacher
2025-07-27 14:42:59 - agentic_system - INFO - Kafka admin client initialized successfully
2025-07-27 14:42:59 - agentic_system - INFO - Agent registered: english_teacher_001 -> english_teacher
2025-07-27 14:42:59 - agentic_system - INFO - Agent registered: chinese_teacher_001 -> chinese_teacher
2025-07-27 14:43:03 - agentic_system - INFO - Kafka admin client initialized successfully
2025-07-27 14:43:03 - agentic_system - INFO - Agent registered: english_teacher_001 -> english_teacher
2025-07-27 14:43:03 - agentic_system - INFO - Agent registered: chinese_teacher_001 -> chinese_teacher
2025-07-27 14:43:10 - agentic_system - INFO - Kafka admin client initialized successfully
2025-07-27 14:43:10 - agentic_system - INFO - Agent registered: english_teacher_001 -> english_teacher
2025-07-27 14:43:10 - agentic_system - INFO - Agent registered: chinese_teacher_001 -> chinese_teacher
2025-07-27 14:43:24 - agentic_system - INFO - Kafka admin client initialized successfully
2025-07-27 14:43:24 - agentic_system - INFO - Agent registered: english_teacher_001 -> english_teacher
2025-07-27 14:43:24 - agentic_system - INFO - Agent registered: chinese_teacher_001 -> chinese_teacher
2025-07-27 14:43:50 - agentic_system - INFO - Kafka admin client initialized successfully
2025-07-27 14:43:50 - agentic_system - INFO - Agent registered: english_teacher_001 -> english_teacher
2025-07-27 14:43:50 - agentic_system - INFO - Agent registered: chinese_teacher_001 -> chinese_teacher
2025-07-27 14:47:09 - agentic_system - INFO - Kafka admin client initialized successfully
2025-07-27 14:47:09 - agentic_system - INFO - Agent registered: english_teacher_001 -> english_teacher
2025-07-27 14:47:09 - agentic_system - INFO - Agent registered: chinese_teacher_001 -> chinese_teacher
2025-07-27 14:47:10 - agentic_system - INFO - Kafka admin client initialized successfully
2025-07-27 14:47:10 - agentic_system - INFO - Agent registered: english_teacher_001 -> english_teacher
2025-07-27 14:47:10 - agentic_system - INFO - Agent registered: chinese_teacher_001 -> chinese_teacher
2025-07-27 14:47:11 - agentic_system - INFO - Kafka admin client initialized successfully
2025-07-27 14:47:11 - agentic_system - INFO - Agent registered: english_teacher_001 -> english_teacher
2025-07-27 14:47:11 - agentic_system - INFO - Agent registered: chinese_teacher_001 -> chinese_teacher
2025-07-27 14:47:13 - agentic_system - INFO - Kafka admin client initialized successfully
2025-07-27 14:47:13 - agentic_system - INFO - Agent registered: english_teacher_001 -> english_teacher
2025-07-27 14:47:13 - agentic_system - INFO - Agent registered: chinese_teacher_001 -> chinese_teacher
2025-07-27 14:47:14 - agentic_system - INFO - Kafka admin client initialized successfully
2025-07-27 14:47:14 - agentic_system - INFO - Agent registered: english_teacher_001 -> english_teacher
2025-07-27 14:47:14 - agentic_system - INFO - Agent registered: chinese_teacher_001 -> chinese_teacher
2025-07-27 14:47:16 - agentic_system - INFO - Kafka admin client initialized successfully
2025-07-27 14:47:16 - agentic_system - INFO - Agent registered: english_teacher_001 -> english_teacher
2025-07-27 14:47:16 - agentic_system - INFO - Agent registered: chinese_teacher_001 -> chinese_teacher
2025-07-27 14:47:20 - agentic_system - INFO - Kafka admin client initialized successfully
2025-07-27 14:47:20 - agentic_system - INFO - Agent registered: english_teacher_001 -> english_teacher
2025-07-27 14:47:20 - agentic_system - INFO - Agent registered: chinese_teacher_001 -> chinese_teacher
2025-07-27 14:47:28 - agentic_system - INFO - Kafka admin client initialized successfully
2025-07-27 14:47:28 - agentic_system - INFO - Agent registered: english_teacher_001 -> english_teacher
2025-07-27 14:47:28 - agentic_system - INFO - Agent registered: chinese_teacher_001 -> chinese_teacher
2025-07-27 14:47:41 - agentic_system - INFO - Kafka admin client initialized successfully
2025-07-27 14:47:41 - agentic_system - INFO - Agent registered: english_teacher_001 -> english_teacher
2025-07-27 14:47:41 - agentic_system - INFO - Agent registered: chinese_teacher_001 -> chinese_teacher
2025-07-27 14:48:07 - agentic_system - INFO - Kafka admin client initialized successfully
2025-07-27 14:48:07 - agentic_system - INFO - Agent registered: english_teacher_001 -> english_teacher
2025-07-27 14:48:07 - agentic_system - INFO - Agent registered: chinese_teacher_001 -> chinese_teacher
2025-07-27 14:48:59 - agentic_system - INFO - Kafka admin client initialized successfully
2025-07-27 14:48:59 - agentic_system - INFO - Agent registered: english_teacher_001 -> english_teacher
2025-07-27 14:48:59 - agentic_system - INFO - Agent registered: chinese_teacher_001 -> chinese_teacher
2025-07-27 14:49:57 - agentic_system - INFO - Kafka admin client initialized successfully
2025-07-27 14:49:57 - agentic_system - INFO - Agent registered: english_teacher_001 -> english_teacher
2025-07-27 14:49:57 - agentic_system - INFO - Agent registered: chinese_teacher_001 -> chinese_teacher
2025-07-27 14:49:58 - agentic_system - INFO - Kafka admin client initialized successfully
2025-07-27 14:49:58 - agentic_system - INFO - Agent registered: english_teacher_001 -> english_teacher
2025-07-27 14:49:58 - agentic_system - INFO - Agent registered: chinese_teacher_001 -> chinese_teacher
2025-07-27 14:49:59 - agentic_system - INFO - Kafka admin client initialized successfully
2025-07-27 14:49:59 - agentic_system - INFO - Agent registered: english_teacher_001 -> english_teacher
2025-07-27 14:49:59 - agentic_system - INFO - Agent registered: chinese_teacher_001 -> chinese_teacher
2025-07-27 14:50:00 - agentic_system - INFO - Kafka admin client initialized successfully
2025-07-27 14:50:00 - agentic_system - INFO - Agent registered: english_teacher_001 -> english_teacher
2025-07-27 14:50:00 - agentic_system - INFO - Agent registered: chinese_teacher_001 -> chinese_teacher
2025-07-27 14:50:02 - agentic_system - INFO - Kafka admin client initialized successfully
2025-07-27 14:50:02 - agentic_system - INFO - Agent registered: english_teacher_001 -> english_teacher
2025-07-27 14:50:02 - agentic_system - INFO - Agent registered: chinese_teacher_001 -> chinese_teacher
2025-07-27 14:50:04 - agentic_system - INFO - Kafka admin client initialized successfully
2025-07-27 14:50:04 - agentic_system - INFO - Agent registered: english_teacher_001 -> english_teacher
2025-07-27 14:50:04 - agentic_system - INFO - Agent registered: chinese_teacher_001 -> chinese_teacher
2025-07-27 14:50:08 - agentic_system - INFO - Kafka admin client initialized successfully
2025-07-27 14:50:08 - agentic_system - INFO - Agent registered: english_teacher_001 -> english_teacher
2025-07-27 14:50:08 - agentic_system - INFO - Agent registered: chinese_teacher_001 -> chinese_teacher
2025-07-27 14:50:15 - agentic_system - INFO - Kafka admin client initialized successfully
2025-07-27 14:50:15 - agentic_system - INFO - Agent registered: english_teacher_001 -> english_teacher
2025-07-27 14:50:15 - agentic_system - INFO - Agent registered: chinese_teacher_001 -> chinese_teacher
2025-07-27 14:50:29 - agentic_system - INFO - Kafka admin client initialized successfully
2025-07-27 14:50:29 - agentic_system - INFO - Agent registered: english_teacher_001 -> english_teacher
2025-07-27 14:50:29 - agentic_system - INFO - Agent registered: chinese_teacher_001 -> chinese_teacher
2025-07-27 14:50:55 - agentic_system - INFO - Kafka admin client initialized successfully
2025-07-27 14:50:55 - agentic_system - INFO - Agent registered: english_teacher_001 -> english_teacher
2025-07-27 14:50:55 - agentic_system - INFO - Agent registered: chinese_teacher_001 -> chinese_teacher
2025-07-27 14:51:47 - agentic_system - INFO - Kafka admin client initialized successfully
2025-07-27 14:51:47 - agentic_system - INFO - Agent registered: english_teacher_001 -> english_teacher
2025-07-27 14:51:47 - agentic_system - INFO - Agent registered: chinese_teacher_001 -> chinese_teacher
2025-07-27 14:52:33 - agentic_system - INFO - Kafka admin client initialized successfully
2025-07-27 14:52:33 - agentic_system - INFO - Agent registered: english_teacher_001 -> english_teacher
2025-07-27 14:52:33 - agentic_system - INFO - Agent registered: chinese_teacher_001 -> chinese_teacher
2025-07-27 14:52:34 - agentic_system - INFO - Kafka admin client initialized successfully
2025-07-27 14:52:34 - agentic_system - INFO - Agent registered: english_teacher_001 -> english_teacher
2025-07-27 14:52:34 - agentic_system - INFO - Agent registered: chinese_teacher_001 -> chinese_teacher
2025-07-27 14:52:35 - agentic_system - INFO - Kafka admin client initialized successfully
2025-07-27 14:52:35 - agentic_system - INFO - Agent registered: english_teacher_001 -> english_teacher
2025-07-27 14:52:35 - agentic_system - INFO - Agent registered: chinese_teacher_001 -> chinese_teacher
2025-07-27 14:52:36 - agentic_system - INFO - Kafka admin client initialized successfully
2025-07-27 14:52:36 - agentic_system - INFO - Agent registered: english_teacher_001 -> english_teacher
2025-07-27 14:52:36 - agentic_system - INFO - Agent registered: chinese_teacher_001 -> chinese_teacher
2025-07-27 14:52:38 - agentic_system - INFO - Kafka admin client initialized successfully
2025-07-27 14:52:38 - agentic_system - INFO - Agent registered: english_teacher_001 -> english_teacher
2025-07-27 14:52:38 - agentic_system - INFO - Agent registered: chinese_teacher_001 -> chinese_teacher
2025-07-27 14:52:40 - agentic_system - INFO - Kafka admin client initialized successfully
2025-07-27 14:52:40 - agentic_system - INFO - Agent registered: english_teacher_001 -> english_teacher
2025-07-27 14:52:40 - agentic_system - INFO - Agent registered: chinese_teacher_001 -> chinese_teacher
2025-07-27 14:52:44 - agentic_system - INFO - Kafka admin client initialized successfully
2025-07-27 14:52:44 - agentic_system - INFO - Agent registered: english_teacher_001 -> english_teacher
2025-07-27 14:52:44 - agentic_system - INFO - Agent registered: chinese_teacher_001 -> chinese_teacher
2025-07-27 14:52:51 - agentic_system - INFO - Kafka admin client initialized successfully
2025-07-27 14:52:51 - agentic_system - INFO - Agent registered: english_teacher_001 -> english_teacher
2025-07-27 14:52:51 - agentic_system - INFO - Agent registered: chinese_teacher_001 -> chinese_teacher
2025-07-27 14:53:04 - agentic_system - INFO - Kafka admin client initialized successfully
2025-07-27 14:53:04 - agentic_system - INFO - Agent registered: english_teacher_001 -> english_teacher
2025-07-27 14:53:04 - agentic_system - INFO - Agent registered: chinese_teacher_001 -> chinese_teacher
2025-07-27 14:53:31 - agentic_system - INFO - Kafka admin client initialized successfully
2025-07-27 14:53:31 - agentic_system - INFO - Agent registered: english_teacher_001 -> english_teacher
2025-07-27 14:53:31 - agentic_system - INFO - Agent registered: chinese_teacher_001 -> chinese_teacher
2025-07-27 14:54:23 - agentic_system - INFO - Kafka admin client initialized successfully
2025-07-27 14:54:23 - agentic_system - INFO - Agent registered: english_teacher_001 -> english_teacher
2025-07-27 14:54:23 - agentic_system - INFO - Agent registered: chinese_teacher_001 -> chinese_teacher
2025-07-27 14:55:23 - agentic_system - INFO - Kafka admin client initialized successfully
2025-07-27 14:55:23 - agentic_system - INFO - Agent registered: english_teacher_001 -> english_teacher
2025-07-27 14:55:23 - agentic_system - INFO - Agent registered: chinese_teacher_001 -> chinese_teacher
2025-07-27 14:55:23 - agentic_system - INFO - Trying to validate gemini for dynamic_assign
2025-07-27 14:55:23 - agentic_system - INFO - Validation result for gemini: {'valid': False, 'error': 'GEMINI_API_KEY not found in environment variables', 'suggestion': 'Set GEMINI_API_KEY in your .env file'}
2025-07-27 14:55:23 - agentic_system - WARNING - gemini validation failed: GEMINI_API_KEY not found in environment variables
2025-07-27 14:55:23 - agentic_system - INFO - Trying to validate ollama for dynamic_assign
2025-07-27 14:55:23 - agentic_system - INFO - Validation result for ollama: {'valid': False, 'error': "Configuration validation failed: 'OllamaEngine' object has no attribute 'base_url'", 'suggestion': 'Check your environment configuration'}
2025-07-27 14:55:23 - agentic_system - WARNING - ollama validation failed: Configuration validation failed: 'OllamaEngine' object has no attribute 'base_url'
2025-07-27 14:55:23 - agentic_system - INFO - Trying fallback engines
2025-07-27 14:55:23 - agentic_system - INFO - Trying fallback validation for gemini
2025-07-27 14:55:23 - agentic_system - INFO - Fallback validation result for gemini: {'valid': False, 'error': 'GEMINI_API_KEY not found in environment variables', 'suggestion': 'Set GEMINI_API_KEY in your .env file'}
2025-07-27 14:55:23 - agentic_system - WARNING - Fallback gemini validation failed: GEMINI_API_KEY not found in environment variables
2025-07-27 14:55:23 - agentic_system - INFO - Trying fallback validation for ollama
2025-07-27 14:55:23 - agentic_system - INFO - Fallback validation result for ollama: {'valid': False, 'error': "Configuration validation failed: 'OllamaEngine' object has no attribute 'base_url'", 'suggestion': 'Check your environment configuration'}
2025-07-27 14:55:23 - agentic_system - WARNING - Fallback ollama validation failed: Configuration validation failed: 'OllamaEngine' object has no attribute 'base_url'
2025-07-27 14:55:24 - agentic_system - INFO - Kafka admin client initialized successfully
2025-07-27 14:55:24 - agentic_system - INFO - Agent registered: english_teacher_001 -> english_teacher
2025-07-27 14:55:24 - agentic_system - INFO - Agent registered: chinese_teacher_001 -> chinese_teacher
2025-07-27 14:55:24 - agentic_system - INFO - Trying to validate gemini for dynamic_assign
2025-07-27 14:55:24 - agentic_system - INFO - Validation result for gemini: {'valid': False, 'error': 'GEMINI_API_KEY not found in environment variables', 'suggestion': 'Set GEMINI_API_KEY in your .env file'}
2025-07-27 14:55:24 - agentic_system - WARNING - gemini validation failed: GEMINI_API_KEY not found in environment variables
2025-07-27 14:55:24 - agentic_system - INFO - Trying to validate ollama for dynamic_assign
2025-07-27 14:55:24 - agentic_system - INFO - Validation result for ollama: {'valid': False, 'error': "Configuration validation failed: 'OllamaEngine' object has no attribute 'base_url'", 'suggestion': 'Check your environment configuration'}
2025-07-27 14:55:24 - agentic_system - WARNING - ollama validation failed: Configuration validation failed: 'OllamaEngine' object has no attribute 'base_url'
2025-07-27 14:55:24 - agentic_system - INFO - Trying fallback engines
2025-07-27 14:55:24 - agentic_system - INFO - Trying fallback validation for gemini
2025-07-27 14:55:24 - agentic_system - INFO - Fallback validation result for gemini: {'valid': False, 'error': 'GEMINI_API_KEY not found in environment variables', 'suggestion': 'Set GEMINI_API_KEY in your .env file'}
2025-07-27 14:55:24 - agentic_system - WARNING - Fallback gemini validation failed: GEMINI_API_KEY not found in environment variables
2025-07-27 14:55:24 - agentic_system - INFO - Trying fallback validation for ollama
2025-07-27 14:55:24 - agentic_system - INFO - Fallback validation result for ollama: {'valid': False, 'error': "Configuration validation failed: 'OllamaEngine' object has no attribute 'base_url'", 'suggestion': 'Check your environment configuration'}
2025-07-27 14:55:24 - agentic_system - WARNING - Fallback ollama validation failed: Configuration validation failed: 'OllamaEngine' object has no attribute 'base_url'
2025-07-27 14:55:25 - agentic_system - INFO - Kafka admin client initialized successfully
2025-07-27 14:55:25 - agentic_system - INFO - Agent registered: english_teacher_001 -> english_teacher
2025-07-27 14:55:25 - agentic_system - INFO - Agent registered: chinese_teacher_001 -> chinese_teacher
2025-07-27 14:55:25 - agentic_system - INFO - Trying to validate gemini for dynamic_assign
2025-07-27 14:55:25 - agentic_system - INFO - Validation result for gemini: {'valid': False, 'error': 'GEMINI_API_KEY not found in environment variables', 'suggestion': 'Set GEMINI_API_KEY in your .env file'}
2025-07-27 14:55:25 - agentic_system - WARNING - gemini validation failed: GEMINI_API_KEY not found in environment variables
2025-07-27 14:55:25 - agentic_system - INFO - Trying to validate ollama for dynamic_assign
2025-07-27 14:55:25 - agentic_system - INFO - Validation result for ollama: {'valid': False, 'error': "Configuration validation failed: 'OllamaEngine' object has no attribute 'base_url'", 'suggestion': 'Check your environment configuration'}
2025-07-27 14:55:25 - agentic_system - WARNING - ollama validation failed: Configuration validation failed: 'OllamaEngine' object has no attribute 'base_url'
2025-07-27 14:55:25 - agentic_system - INFO - Trying fallback engines
2025-07-27 14:55:25 - agentic_system - INFO - Trying fallback validation for gemini
2025-07-27 14:55:25 - agentic_system - INFO - Fallback validation result for gemini: {'valid': False, 'error': 'GEMINI_API_KEY not found in environment variables', 'suggestion': 'Set GEMINI_API_KEY in your .env file'}
2025-07-27 14:55:25 - agentic_system - WARNING - Fallback gemini validation failed: GEMINI_API_KEY not found in environment variables
2025-07-27 14:55:25 - agentic_system - INFO - Trying fallback validation for ollama
2025-07-27 14:55:25 - agentic_system - INFO - Fallback validation result for ollama: {'valid': False, 'error': "Configuration validation failed: 'OllamaEngine' object has no attribute 'base_url'", 'suggestion': 'Check your environment configuration'}
2025-07-27 14:55:25 - agentic_system - WARNING - Fallback ollama validation failed: Configuration validation failed: 'OllamaEngine' object has no attribute 'base_url'
2025-07-27 14:55:26 - agentic_system - INFO - Kafka admin client initialized successfully
2025-07-27 14:55:26 - agentic_system - INFO - Agent registered: english_teacher_001 -> english_teacher
2025-07-27 14:55:26 - agentic_system - INFO - Agent registered: chinese_teacher_001 -> chinese_teacher
2025-07-27 14:55:26 - agentic_system - INFO - Trying to validate gemini for dynamic_assign
2025-07-27 14:55:26 - agentic_system - INFO - Validation result for gemini: {'valid': False, 'error': 'GEMINI_API_KEY not found in environment variables', 'suggestion': 'Set GEMINI_API_KEY in your .env file'}
2025-07-27 14:55:26 - agentic_system - WARNING - gemini validation failed: GEMINI_API_KEY not found in environment variables
2025-07-27 14:55:26 - agentic_system - INFO - Trying to validate ollama for dynamic_assign
2025-07-27 14:55:26 - agentic_system - INFO - Validation result for ollama: {'valid': False, 'error': "Configuration validation failed: 'OllamaEngine' object has no attribute 'base_url'", 'suggestion': 'Check your environment configuration'}
2025-07-27 14:55:26 - agentic_system - WARNING - ollama validation failed: Configuration validation failed: 'OllamaEngine' object has no attribute 'base_url'
2025-07-27 14:55:26 - agentic_system - INFO - Trying fallback engines
2025-07-27 14:55:26 - agentic_system - INFO - Trying fallback validation for gemini
2025-07-27 14:55:26 - agentic_system - INFO - Fallback validation result for gemini: {'valid': False, 'error': 'GEMINI_API_KEY not found in environment variables', 'suggestion': 'Set GEMINI_API_KEY in your .env file'}
2025-07-27 14:55:26 - agentic_system - WARNING - Fallback gemini validation failed: GEMINI_API_KEY not found in environment variables
2025-07-27 14:55:26 - agentic_system - INFO - Trying fallback validation for ollama
2025-07-27 14:55:26 - agentic_system - INFO - Fallback validation result for ollama: {'valid': False, 'error': "Configuration validation failed: 'OllamaEngine' object has no attribute 'base_url'", 'suggestion': 'Check your environment configuration'}
2025-07-27 14:55:26 - agentic_system - WARNING - Fallback ollama validation failed: Configuration validation failed: 'OllamaEngine' object has no attribute 'base_url'
2025-07-27 14:55:28 - agentic_system - INFO - Kafka admin client initialized successfully
2025-07-27 14:55:28 - agentic_system - INFO - Agent registered: english_teacher_001 -> english_teacher
2025-07-27 14:55:28 - agentic_system - INFO - Agent registered: chinese_teacher_001 -> chinese_teacher
2025-07-27 14:55:28 - agentic_system - INFO - Trying to validate gemini for dynamic_assign
2025-07-27 14:55:28 - agentic_system - INFO - Validation result for gemini: {'valid': False, 'error': 'GEMINI_API_KEY not found in environment variables', 'suggestion': 'Set GEMINI_API_KEY in your .env file'}
2025-07-27 14:55:28 - agentic_system - WARNING - gemini validation failed: GEMINI_API_KEY not found in environment variables
2025-07-27 14:55:28 - agentic_system - INFO - Trying to validate ollama for dynamic_assign
2025-07-27 14:55:28 - agentic_system - INFO - Validation result for ollama: {'valid': False, 'error': "Configuration validation failed: 'OllamaEngine' object has no attribute 'base_url'", 'suggestion': 'Check your environment configuration'}
2025-07-27 14:55:28 - agentic_system - WARNING - ollama validation failed: Configuration validation failed: 'OllamaEngine' object has no attribute 'base_url'
2025-07-27 14:55:28 - agentic_system - INFO - Trying fallback engines
2025-07-27 14:55:28 - agentic_system - INFO - Trying fallback validation for gemini
2025-07-27 14:55:28 - agentic_system - INFO - Fallback validation result for gemini: {'valid': False, 'error': 'GEMINI_API_KEY not found in environment variables', 'suggestion': 'Set GEMINI_API_KEY in your .env file'}
2025-07-27 14:55:28 - agentic_system - WARNING - Fallback gemini validation failed: GEMINI_API_KEY not found in environment variables
2025-07-27 14:55:28 - agentic_system - INFO - Trying fallback validation for ollama
2025-07-27 14:55:28 - agentic_system - INFO - Fallback validation result for ollama: {'valid': False, 'error': "Configuration validation failed: 'OllamaEngine' object has no attribute 'base_url'", 'suggestion': 'Check your environment configuration'}
2025-07-27 14:55:28 - agentic_system - WARNING - Fallback ollama validation failed: Configuration validation failed: 'OllamaEngine' object has no attribute 'base_url'
2025-07-27 14:55:30 - agentic_system - INFO - Kafka admin client initialized successfully
2025-07-27 14:55:30 - agentic_system - INFO - Agent registered: english_teacher_001 -> english_teacher
2025-07-27 14:55:30 - agentic_system - INFO - Agent registered: chinese_teacher_001 -> chinese_teacher
2025-07-27 14:55:30 - agentic_system - INFO - Trying to validate gemini for dynamic_assign
2025-07-27 14:55:30 - agentic_system - INFO - Validation result for gemini: {'valid': False, 'error': 'GEMINI_API_KEY not found in environment variables', 'suggestion': 'Set GEMINI_API_KEY in your .env file'}
2025-07-27 14:55:30 - agentic_system - WARNING - gemini validation failed: GEMINI_API_KEY not found in environment variables
2025-07-27 14:55:30 - agentic_system - INFO - Trying to validate ollama for dynamic_assign
2025-07-27 14:55:30 - agentic_system - INFO - Validation result for ollama: {'valid': False, 'error': "Configuration validation failed: 'OllamaEngine' object has no attribute 'base_url'", 'suggestion': 'Check your environment configuration'}
2025-07-27 14:55:30 - agentic_system - WARNING - ollama validation failed: Configuration validation failed: 'OllamaEngine' object has no attribute 'base_url'
2025-07-27 14:55:30 - agentic_system - INFO - Trying fallback engines
2025-07-27 14:55:30 - agentic_system - INFO - Trying fallback validation for gemini
2025-07-27 14:55:30 - agentic_system - INFO - Fallback validation result for gemini: {'valid': False, 'error': 'GEMINI_API_KEY not found in environment variables', 'suggestion': 'Set GEMINI_API_KEY in your .env file'}
2025-07-27 14:55:30 - agentic_system - WARNING - Fallback gemini validation failed: GEMINI_API_KEY not found in environment variables
2025-07-27 14:55:30 - agentic_system - INFO - Trying fallback validation for ollama
2025-07-27 14:55:30 - agentic_system - INFO - Fallback validation result for ollama: {'valid': False, 'error': "Configuration validation failed: 'OllamaEngine' object has no attribute 'base_url'", 'suggestion': 'Check your environment configuration'}
2025-07-27 14:55:30 - agentic_system - WARNING - Fallback ollama validation failed: Configuration validation failed: 'OllamaEngine' object has no attribute 'base_url'
2025-07-27 14:55:34 - agentic_system - INFO - Kafka admin client initialized successfully
2025-07-27 14:55:34 - agentic_system - INFO - Agent registered: english_teacher_001 -> english_teacher
2025-07-27 14:55:34 - agentic_system - INFO - Agent registered: chinese_teacher_001 -> chinese_teacher
2025-07-27 14:55:34 - agentic_system - INFO - Trying to validate gemini for dynamic_assign
2025-07-27 14:55:34 - agentic_system - INFO - Validation result for gemini: {'valid': False, 'error': 'GEMINI_API_KEY not found in environment variables', 'suggestion': 'Set GEMINI_API_KEY in your .env file'}
2025-07-27 14:55:34 - agentic_system - WARNING - gemini validation failed: GEMINI_API_KEY not found in environment variables
2025-07-27 14:55:34 - agentic_system - INFO - Trying to validate ollama for dynamic_assign
2025-07-27 14:55:34 - agentic_system - INFO - Validation result for ollama: {'valid': False, 'error': "Configuration validation failed: 'OllamaEngine' object has no attribute 'base_url'", 'suggestion': 'Check your environment configuration'}
2025-07-27 14:55:34 - agentic_system - WARNING - ollama validation failed: Configuration validation failed: 'OllamaEngine' object has no attribute 'base_url'
2025-07-27 14:55:34 - agentic_system - INFO - Trying fallback engines
2025-07-27 14:55:34 - agentic_system - INFO - Trying fallback validation for gemini
2025-07-27 14:55:34 - agentic_system - INFO - Fallback validation result for gemini: {'valid': False, 'error': 'GEMINI_API_KEY not found in environment variables', 'suggestion': 'Set GEMINI_API_KEY in your .env file'}
2025-07-27 14:55:34 - agentic_system - WARNING - Fallback gemini validation failed: GEMINI_API_KEY not found in environment variables
2025-07-27 14:55:34 - agentic_system - INFO - Trying fallback validation for ollama
2025-07-27 14:55:34 - agentic_system - INFO - Fallback validation result for ollama: {'valid': False, 'error': "Configuration validation failed: 'OllamaEngine' object has no attribute 'base_url'", 'suggestion': 'Check your environment configuration'}
2025-07-27 14:55:34 - agentic_system - WARNING - Fallback ollama validation failed: Configuration validation failed: 'OllamaEngine' object has no attribute 'base_url'
2025-07-27 14:55:41 - agentic_system - INFO - Kafka admin client initialized successfully
2025-07-27 14:55:41 - agentic_system - INFO - Agent registered: english_teacher_001 -> english_teacher
2025-07-27 14:55:41 - agentic_system - INFO - Agent registered: chinese_teacher_001 -> chinese_teacher
2025-07-27 14:55:42 - agentic_system - INFO - Trying to validate gemini for dynamic_assign
2025-07-27 14:55:42 - agentic_system - INFO - Validation result for gemini: {'valid': False, 'error': 'GEMINI_API_KEY not found in environment variables', 'suggestion': 'Set GEMINI_API_KEY in your .env file'}
2025-07-27 14:55:42 - agentic_system - WARNING - gemini validation failed: GEMINI_API_KEY not found in environment variables
2025-07-27 14:55:42 - agentic_system - INFO - Trying to validate ollama for dynamic_assign
2025-07-27 14:55:42 - agentic_system - INFO - Validation result for ollama: {'valid': False, 'error': "Configuration validation failed: 'OllamaEngine' object has no attribute 'base_url'", 'suggestion': 'Check your environment configuration'}
2025-07-27 14:55:42 - agentic_system - WARNING - ollama validation failed: Configuration validation failed: 'OllamaEngine' object has no attribute 'base_url'
2025-07-27 14:55:42 - agentic_system - INFO - Trying fallback engines
2025-07-27 14:55:42 - agentic_system - INFO - Trying fallback validation for gemini
2025-07-27 14:55:42 - agentic_system - INFO - Fallback validation result for gemini: {'valid': False, 'error': 'GEMINI_API_KEY not found in environment variables', 'suggestion': 'Set GEMINI_API_KEY in your .env file'}
2025-07-27 14:55:42 - agentic_system - WARNING - Fallback gemini validation failed: GEMINI_API_KEY not found in environment variables
2025-07-27 14:55:42 - agentic_system - INFO - Trying fallback validation for ollama
2025-07-27 14:55:42 - agentic_system - INFO - Fallback validation result for ollama: {'valid': False, 'error': "Configuration validation failed: 'OllamaEngine' object has no attribute 'base_url'", 'suggestion': 'Check your environment configuration'}
2025-07-27 14:55:42 - agentic_system - WARNING - Fallback ollama validation failed: Configuration validation failed: 'OllamaEngine' object has no attribute 'base_url'
2025-07-27 14:55:55 - agentic_system - INFO - Kafka admin client initialized successfully
2025-07-27 14:55:55 - agentic_system - INFO - Agent registered: english_teacher_001 -> english_teacher
2025-07-27 14:55:55 - agentic_system - INFO - Agent registered: chinese_teacher_001 -> chinese_teacher
2025-07-27 14:55:55 - agentic_system - INFO - Trying to validate gemini for dynamic_assign
2025-07-27 14:55:55 - agentic_system - INFO - Validation result for gemini: {'valid': False, 'error': 'GEMINI_API_KEY not found in environment variables', 'suggestion': 'Set GEMINI_API_KEY in your .env file'}
2025-07-27 14:55:55 - agentic_system - WARNING - gemini validation failed: GEMINI_API_KEY not found in environment variables
2025-07-27 14:55:55 - agentic_system - INFO - Trying to validate ollama for dynamic_assign
2025-07-27 14:55:55 - agentic_system - INFO - Validation result for ollama: {'valid': False, 'error': "Configuration validation failed: 'OllamaEngine' object has no attribute 'base_url'", 'suggestion': 'Check your environment configuration'}
2025-07-27 14:55:55 - agentic_system - WARNING - ollama validation failed: Configuration validation failed: 'OllamaEngine' object has no attribute 'base_url'
2025-07-27 14:55:55 - agentic_system - INFO - Trying fallback engines
2025-07-27 14:55:55 - agentic_system - INFO - Trying fallback validation for gemini
2025-07-27 14:55:55 - agentic_system - INFO - Fallback validation result for gemini: {'valid': False, 'error': 'GEMINI_API_KEY not found in environment variables', 'suggestion': 'Set GEMINI_API_KEY in your .env file'}
2025-07-27 14:55:55 - agentic_system - WARNING - Fallback gemini validation failed: GEMINI_API_KEY not found in environment variables
2025-07-27 14:55:55 - agentic_system - INFO - Trying fallback validation for ollama
2025-07-27 14:55:55 - agentic_system - INFO - Fallback validation result for ollama: {'valid': False, 'error': "Configuration validation failed: 'OllamaEngine' object has no attribute 'base_url'", 'suggestion': 'Check your environment configuration'}
2025-07-27 14:55:55 - agentic_system - WARNING - Fallback ollama validation failed: Configuration validation failed: 'OllamaEngine' object has no attribute 'base_url'
2025-07-27 14:56:21 - agentic_system - INFO - Kafka admin client initialized successfully
2025-07-27 14:56:21 - agentic_system - INFO - Agent registered: english_teacher_001 -> english_teacher
2025-07-27 14:56:21 - agentic_system - INFO - Agent registered: chinese_teacher_001 -> chinese_teacher
2025-07-27 14:56:21 - agentic_system - INFO - Trying to validate gemini for dynamic_assign
2025-07-27 14:56:21 - agentic_system - INFO - Validation result for gemini: {'valid': False, 'error': 'GEMINI_API_KEY not found in environment variables', 'suggestion': 'Set GEMINI_API_KEY in your .env file'}
2025-07-27 14:56:21 - agentic_system - WARNING - gemini validation failed: GEMINI_API_KEY not found in environment variables
2025-07-27 14:56:21 - agentic_system - INFO - Trying to validate ollama for dynamic_assign
2025-07-27 14:56:21 - agentic_system - INFO - Validation result for ollama: {'valid': False, 'error': "Configuration validation failed: 'OllamaEngine' object has no attribute 'base_url'", 'suggestion': 'Check your environment configuration'}
2025-07-27 14:56:21 - agentic_system - WARNING - ollama validation failed: Configuration validation failed: 'OllamaEngine' object has no attribute 'base_url'
2025-07-27 14:56:21 - agentic_system - INFO - Trying fallback engines
2025-07-27 14:56:21 - agentic_system - INFO - Trying fallback validation for gemini
2025-07-27 14:56:21 - agentic_system - INFO - Fallback validation result for gemini: {'valid': False, 'error': 'GEMINI_API_KEY not found in environment variables', 'suggestion': 'Set GEMINI_API_KEY in your .env file'}
2025-07-27 14:56:21 - agentic_system - WARNING - Fallback gemini validation failed: GEMINI_API_KEY not found in environment variables
2025-07-27 14:56:21 - agentic_system - INFO - Trying fallback validation for ollama
2025-07-27 14:56:21 - agentic_system - INFO - Fallback validation result for ollama: {'valid': False, 'error': "Configuration validation failed: 'OllamaEngine' object has no attribute 'base_url'", 'suggestion': 'Check your environment configuration'}
2025-07-27 14:56:21 - agentic_system - WARNING - Fallback ollama validation failed: Configuration validation failed: 'OllamaEngine' object has no attribute 'base_url'
2025-07-27 14:57:23 - agentic_system - INFO - Kafka admin client initialized successfully
2025-07-27 14:57:23 - agentic_system - INFO - Agent registered: english_teacher_001 -> english_teacher
2025-07-27 14:57:23 - agentic_system - INFO - Agent registered: chinese_teacher_001 -> chinese_teacher
2025-07-27 14:57:23 - agentic_system - INFO - Trying to validate gemini for dynamic_assign
2025-07-27 14:57:23 - agentic_system - INFO - Validation result for gemini: {'valid': False, 'error': 'GEMINI_API_KEY not found in environment variables', 'suggestion': 'Set GEMINI_API_KEY in your .env file'}
2025-07-27 14:57:23 - agentic_system - WARNING - gemini validation failed: GEMINI_API_KEY not found in environment variables
2025-07-27 14:57:23 - agentic_system - INFO - Trying to validate ollama for dynamic_assign
2025-07-27 14:57:23 - agentic_system - INFO - Attempting to connect to Ollama server at http://ollama:11434 (attempt 1/5)
2025-07-27 14:57:23 - agentic_system - WARNING - Model 'llama2' not found in Ollama. Available models: ['llama2:latest']
2025-07-27 14:57:23 - agentic_system - INFO - Attempting to pull model 'llama2'...
2025-07-27 14:57:23 - agentic_system - INFO - Pulling model 'llama2' from Ollama...
2025-07-27 14:57:24 - agentic_system - INFO - Model 'llama2' pulled successfully
2025-07-27 14:57:24 - agentic_system - INFO - Ollama engine initialized with model: llama2
2025-07-27 14:57:24 - agentic_system - INFO - Validating Ollama server connection (attempt 1/3)
2025-07-27 14:57:24 - agentic_system - INFO - Ollama server validation successful
2025-07-27 14:57:24 - agentic_system - INFO - Validation result for ollama: {'valid': True, 'message': 'Ollama engine configuration is valid'}
2025-07-27 14:57:24 - agentic_system - INFO - Creating ollama engine for dynamic_assign
2025-07-27 14:57:24 - agentic_system - INFO - Attempting to connect to Ollama server at http://ollama:11434 (attempt 1/5)
2025-07-27 14:57:24 - agentic_system - WARNING - Model 'llama2' not found in Ollama. Available models: ['llama2:latest']
2025-07-27 14:57:24 - agentic_system - INFO - Attempting to pull model 'llama2'...
2025-07-27 14:57:24 - agentic_system - INFO - Pulling model 'llama2' from Ollama...
2025-07-27 14:57:25 - agentic_system - INFO - Model 'llama2' pulled successfully
2025-07-27 14:57:25 - agentic_system - INFO - Ollama engine initialized with model: llama2
2025-07-27 14:57:25 - agentic_system - INFO - Created Ollama engine with model: llama2 at http://ollama:11434
2025-07-27 14:57:25 - agentic_system - INFO - Starting Agentic Teaching System...
2025-07-27 14:57:25 - agentic_system - INFO - Waiting for infrastructure services to be ready...
2025-07-27 14:57:35 - agentic_system - WARNING - Kafka health check failed: KafkaAdminClient.describe_cluster() got an unexpected keyword argument 'timeout_ms'
2025-07-27 14:57:35 - agentic_system - INFO - Health monitoring started
2025-07-27 14:57:35 - agentic_system - INFO - Initializing agents...
2025-07-27 14:57:35 - agentic_system - INFO - Trying to validate gemini for english_teacher
2025-07-27 14:57:35 - agentic_system - INFO - Validation result for gemini: {'valid': False, 'error': 'GEMINI_API_KEY not found in environment variables', 'suggestion': 'Set GEMINI_API_KEY in your .env file'}
2025-07-27 14:57:35 - agentic_system - WARNING - gemini validation failed: GEMINI_API_KEY not found in environment variables
2025-07-27 14:57:35 - agentic_system - INFO - Trying to validate ollama for english_teacher
2025-07-27 14:57:35 - agentic_system - INFO - Attempting to connect to Ollama server at http://ollama:11434 (attempt 1/5)
2025-07-27 14:57:35 - agentic_system - WARNING - Model 'llama2' not found in Ollama. Available models: ['llama2:latest']
2025-07-27 14:57:35 - agentic_system - INFO - Attempting to pull model 'llama2'...
2025-07-27 14:57:35 - agentic_system - INFO - Pulling model 'llama2' from Ollama...
2025-07-27 14:57:36 - agentic_system - INFO - Model 'llama2' pulled successfully
2025-07-27 14:57:36 - agentic_system - INFO - Ollama engine initialized with model: llama2
2025-07-27 14:57:36 - agentic_system - INFO - Validating Ollama server connection (attempt 1/3)
2025-07-27 14:57:36 - agentic_system - INFO - Ollama server validation successful
2025-07-27 14:57:36 - agentic_system - INFO - Validation result for ollama: {'valid': True, 'message': 'Ollama engine configuration is valid'}
2025-07-27 14:57:36 - agentic_system - INFO - Creating ollama engine for english_teacher
2025-07-27 14:57:36 - agentic_system - INFO - Attempting to connect to Ollama server at http://ollama:11434 (attempt 1/5)
2025-07-27 14:57:36 - agentic_system - WARNING - Model 'llama2' not found in Ollama. Available models: ['llama2:latest']
2025-07-27 14:57:36 - agentic_system - INFO - Attempting to pull model 'llama2'...
2025-07-27 14:57:36 - agentic_system - INFO - Pulling model 'llama2' from Ollama...
2025-07-27 14:57:37 - agentic_system - INFO - Model 'llama2' pulled successfully
2025-07-27 14:57:37 - agentic_system - INFO - Ollama engine initialized with model: llama2
2025-07-27 14:57:37 - agentic_system - INFO - Created Ollama engine with model: llama2 at http://ollama:11434
2025-07-27 14:57:37 - agentic_system - INFO - Agent initialized: english_teacher_001 (english_teacher)
2025-07-27 14:57:37 - agentic_system - INFO - Trying to validate gemini for chinese_teacher
2025-07-27 14:57:37 - agentic_system - INFO - Validation result for gemini: {'valid': False, 'error': 'GEMINI_API_KEY not found in environment variables', 'suggestion': 'Set GEMINI_API_KEY in your .env file'}
2025-07-27 14:57:37 - agentic_system - WARNING - gemini validation failed: GEMINI_API_KEY not found in environment variables
2025-07-27 14:57:37 - agentic_system - INFO - Trying to validate ollama for chinese_teacher
2025-07-27 14:57:37 - agentic_system - INFO - Attempting to connect to Ollama server at http://ollama:11434 (attempt 1/5)
2025-07-27 14:57:37 - agentic_system - WARNING - Model 'llama2' not found in Ollama. Available models: ['llama2:latest']
2025-07-27 14:57:37 - agentic_system - INFO - Attempting to pull model 'llama2'...
2025-07-27 14:57:37 - agentic_system - INFO - Pulling model 'llama2' from Ollama...
2025-07-27 14:57:37 - agentic_system - INFO - Model 'llama2' pulled successfully
2025-07-27 14:57:37 - agentic_system - INFO - Ollama engine initialized with model: llama2
2025-07-27 14:57:37 - agentic_system - INFO - Validating Ollama server connection (attempt 1/3)
2025-07-27 14:57:37 - agentic_system - INFO - Ollama server validation successful
2025-07-27 14:57:37 - agentic_system - INFO - Validation result for ollama: {'valid': True, 'message': 'Ollama engine configuration is valid'}
2025-07-27 14:57:37 - agentic_system - INFO - Creating ollama engine for chinese_teacher
2025-07-27 14:57:37 - agentic_system - INFO - Attempting to connect to Ollama server at http://ollama:11434 (attempt 1/5)
2025-07-27 14:57:37 - agentic_system - WARNING - Model 'llama2' not found in Ollama. Available models: ['llama2:latest']
2025-07-27 14:57:37 - agentic_system - INFO - Attempting to pull model 'llama2'...
2025-07-27 14:57:37 - agentic_system - INFO - Pulling model 'llama2' from Ollama...
2025-07-27 14:57:38 - agentic_system - INFO - Model 'llama2' pulled successfully
2025-07-27 14:57:38 - agentic_system - INFO - Ollama engine initialized with model: llama2
2025-07-27 14:57:38 - agentic_system - INFO - Created Ollama engine with model: llama2 at http://ollama:11434
2025-07-27 14:57:38 - agentic_system - INFO - Agent initialized: chinese_teacher_001 (chinese_teacher)
2025-07-27 14:57:38 - agentic_system - INFO - Registered consumer for english_teacher
2025-07-27 14:57:38 - agentic_system - INFO - Registered consumer for chinese_teacher
2025-07-27 14:57:38 - agentic_system - INFO - Initialized 2 agent consumers
2025-07-27 14:57:38 - agentic_system - INFO - Starting agent consumers...
2025-07-27 14:57:38 - agentic_system - ERROR - Failed to list topics: 'dict' object has no attribute 'topics'
2025-07-27 14:57:38 - agentic_system - ERROR - Failed to create topics: 'CreateTopicsResponse_v3' object has no attribute 'items'
2025-07-27 14:57:38 - agentic_system - INFO - Started consumer for english_teacher on topic english_teacher
2025-07-27 14:57:38 - agentic_system - INFO - Started consumer for chinese_teacher on topic chinese_teacher
2025-07-27 14:57:38 - agentic_system - INFO - All agent consumers started
2025-07-27 14:57:38 - agentic_system - INFO - Kafka consumer created for topics: ['chinese_teacher']
2025-07-27 14:57:38 - agentic_system - INFO - Kafka consumer created for topics: ['english_teacher']
2025-07-27 14:57:38 - agentic_system - INFO - Consumer for chinese_teacher listening on chinese_teacher
2025-07-27 14:57:38 - agentic_system - INFO - Consumer for english_teacher listening on english_teacher
2025-07-27 14:57:41 - agentic_system - INFO - Starting student producer...
2025-07-27 14:57:41 - agentic_system - INFO - Student producer initialized: demo_student_001
2025-07-27 14:57:41 - agentic_system - INFO - Result listener started
2025-07-27 14:57:41 - agentic_system - INFO - Agentic Teaching System started successfully!
2025-07-27 14:57:41 - agentic_system - INFO - Kafka consumer created for topics: ['result']
2025-07-27 14:57:41 - agentic_system - INFO - Listening for results...
2025-07-27 14:57:51 - agentic_system - INFO - Ollama request completed: Input tokens: 212, Output tokens: 3, Response time: 9.54s
2025-07-27 14:57:51 - agentic_system - INFO - Dynamic assignment: 'What is the difference between 'their', 'there', a...' -> english_teacher
2025-07-27 14:57:51 - agentic_system - INFO - Kafka producer created successfully
2025-07-27 14:57:51 - agentic_system - INFO - Message sent to topic 'english_teacher': RecordMetadata(topic='english_teacher', partition=0, topic_partition=TopicPartition(topic='english_teacher', partition=0), offset=0, timestamp=1753628271498, log_start_offset=0, checksum=None, serialized_key_size=-1, serialized_value_size=201, serialized_header_size=-1)
2025-07-27 14:57:51 - agentic_system - INFO - Question sent to english_teacher: What is the difference between 'their', 'there', a...
2025-07-27 14:57:51 - agentic_system - INFO - english_teacher processing message #1
2025-07-27 14:57:51 - agentic_system - INFO - English teacher processing message: What is the difference between 'their', 'there', a...
2025-07-27 14:58:05 - agentic_system - WARNING - Kafka health check failed: KafkaAdminClient.describe_cluster() got an unexpected keyword argument 'timeout_ms'
2025-07-27 14:58:09 - agentic_system - INFO - Ollama request completed: Input tokens: 210, Output tokens: 73, Response time: 15.45s
2025-07-27 14:58:09 - agentic_system - INFO - Dynamic assignment: 'Can you explain the symbolism in Shakespeare's Mac...' -> english_teacher
2025-07-27 14:58:09 - agentic_system - INFO - Message sent to topic 'english_teacher': RecordMetadata(topic='english_teacher', partition=0, topic_partition=TopicPartition(topic='english_teacher', partition=0), offset=1, timestamp=1753628289956, log_start_offset=0, checksum=None, serialized_key_size=-1, serialized_value_size=193, serialized_header_size=-1)
2025-07-27 14:58:09 - agentic_system - INFO - Question sent to english_teacher: Can you explain the symbolism in Shakespeare's Mac...
2025-07-27 14:58:17 - agentic_system - INFO - Ollama request completed: Input tokens: 206, Output tokens: 3, Response time: 4.17s
2025-07-27 14:58:17 - agentic_system - INFO - Dynamic assignment: 'What does the Chinese phrase '塞翁失馬' mean?...' -> chinese_teacher
2025-07-27 14:58:17 - agentic_system - INFO - Message sent to topic 'chinese_teacher': RecordMetadata(topic='chinese_teacher', partition=0, topic_partition=TopicPartition(topic='chinese_teacher', partition=0), offset=0, timestamp=1753628297131, log_start_offset=0, checksum=None, serialized_key_size=-1, serialized_value_size=200, serialized_header_size=-1)
2025-07-27 14:58:17 - agentic_system - INFO - Question sent to chinese_teacher: What does the Chinese phrase '塞翁失馬' mean?...
2025-07-27 14:58:17 - agentic_system - INFO - chinese_teacher processing message #1
2025-07-27 14:58:17 - agentic_system - INFO - Chinese teacher processing message: What does the Chinese phrase '塞翁失馬' mean?...
2025-07-27 14:58:29 - agentic_system - INFO - Trying to validate gemini for english_teacher
2025-07-27 14:58:29 - agentic_system - INFO - Validation result for gemini: {'valid': False, 'error': 'GEMINI_API_KEY not found in environment variables', 'suggestion': 'Set GEMINI_API_KEY in your .env file'}
2025-07-27 14:58:29 - agentic_system - WARNING - gemini validation failed: GEMINI_API_KEY not found in environment variables
2025-07-27 14:58:29 - agentic_system - INFO - Trying to validate ollama for english_teacher
2025-07-27 14:58:29 - agentic_system - INFO - Attempting to connect to Ollama server at http://ollama:11434 (attempt 1/5)
2025-07-27 14:58:29 - agentic_system - WARNING - Model 'llama2' not found in Ollama. Available models: ['llama2:latest']
2025-07-27 14:58:29 - agentic_system - INFO - Attempting to pull model 'llama2'...
2025-07-27 14:58:29 - agentic_system - INFO - Pulling model 'llama2' from Ollama...
2025-07-27 14:58:30 - agentic_system - INFO - Model 'llama2' pulled successfully
2025-07-27 14:58:30 - agentic_system - INFO - Ollama engine initialized with model: llama2
2025-07-27 14:58:30 - agentic_system - INFO - Validating Ollama server connection (attempt 1/3)
2025-07-27 14:58:30 - agentic_system - INFO - Ollama server validation successful
2025-07-27 14:58:30 - agentic_system - INFO - Validation result for ollama: {'valid': True, 'message': 'Ollama engine configuration is valid'}
2025-07-27 14:58:30 - agentic_system - INFO - Creating ollama engine for english_teacher
2025-07-27 14:58:30 - agentic_system - INFO - Attempting to connect to Ollama server at http://ollama:11434 (attempt 1/5)
2025-07-27 14:58:30 - agentic_system - WARNING - Model 'llama2' not found in Ollama. Available models: ['llama2:latest']
2025-07-27 14:58:30 - agentic_system - INFO - Attempting to pull model 'llama2'...
2025-07-27 14:58:30 - agentic_system - INFO - Pulling model 'llama2' from Ollama...
2025-07-27 14:58:31 - agentic_system - INFO - Model 'llama2' pulled successfully
2025-07-27 14:58:31 - agentic_system - INFO - Ollama engine initialized with model: llama2
2025-07-27 14:58:31 - agentic_system - INFO - Created Ollama engine with model: llama2 at http://ollama:11434
2025-07-27 14:58:35 - agentic_system - WARNING - Kafka health check failed: KafkaAdminClient.describe_cluster() got an unexpected keyword argument 'timeout_ms'
2025-07-27 14:58:51 - agentic_system - INFO - Ollama request completed: Input tokens: 321, Output tokens: 321, Response time: 59.72s
2025-07-27 14:58:51 - agentic_system - INFO - Cost logged: english_teacher request $0.000000, tokens: 0, time: 59.73s
2025-07-27 14:58:51 - agentic_system - INFO - Message sent to topic 'result': RecordMetadata(topic='result', partition=0, topic_partition=TopicPartition(topic='result', partition=0), offset=0, timestamp=1753628331235, log_start_offset=0, checksum=None, serialized_key_size=-1, serialized_value_size=1649, serialized_header_size=-1)
2025-07-27 14:58:51 - agentic_system - INFO - english_teacher completed processing message #1
2025-07-27 14:58:51 - agentic_system - INFO - Received response from english_teacher: 
Great question! The difference between "their," "there," and "they're" can be a bit tricky, but don...
2025-07-27 14:58:51 - agentic_system - INFO - english_teacher processing message #2
2025-07-27 14:58:51 - agentic_system - INFO - English teacher processing message: Can you explain the symbolism in Shakespeare's Mac...
2025-07-27 14:58:57 - agentic_system - INFO - Ollama request completed: Input tokens: 207, Output tokens: 3, Response time: 37.40s
2025-07-27 14:58:57 - agentic_system - INFO - Dynamic assignment: 'How can I improve my English pronunciation?...' -> english_teacher
2025-07-27 14:58:57 - agentic_system - INFO - Message sent to topic 'english_teacher': RecordMetadata(topic='english_teacher', partition=0, topic_partition=TopicPartition(topic='english_teacher', partition=0), offset=2, timestamp=1753628337544, log_start_offset=0, checksum=None, serialized_key_size=-1, serialized_value_size=182, serialized_header_size=-1)
2025-07-27 14:58:57 - agentic_system - INFO - Question sent to english_teacher: How can I improve my English pronunciation?...
2025-07-27 14:59:05 - agentic_system - WARNING - Kafka health check failed: KafkaAdminClient.describe_cluster() got an unexpected keyword argument 'timeout_ms'
2025-07-27 14:59:17 - agentic_system - ERROR - Network error with Ollama: HTTPConnectionPool(host='ollama', port=11434): Read timed out. (read timeout=60)
2025-07-27 14:59:17 - agentic_system - INFO - Message sent to topic 'result': RecordMetadata(topic='result', partition=0, topic_partition=TopicPartition(topic='result', partition=0), offset=1, timestamp=1753628357155, log_start_offset=0, checksum=None, serialized_key_size=-1, serialized_value_size=336, serialized_header_size=-1)
2025-07-27 14:59:17 - agentic_system - INFO - chinese_teacher completed processing message #1
2025-07-27 14:59:17 - agentic_system - INFO - Received response from chinese_teacher: Error: Network issue connecting to Ollama - HTTPConnectionPool(host='ollama', port=11434): Read time...
2025-07-27 14:59:24 - agentic_system - INFO - Ollama request completed: Input tokens: 204, Output tokens: 3, Response time: 23.48s
2025-07-27 14:59:24 - agentic_system - INFO - Dynamic assignment: 'Analyze the poem '靜夜思' by Li Bai...' -> chinese_teacher
2025-07-27 14:59:24 - agentic_system - INFO - Message sent to topic 'chinese_teacher': RecordMetadata(topic='chinese_teacher', partition=0, topic_partition=TopicPartition(topic='chinese_teacher', partition=0), offset=1, timestamp=1753628364027, log_start_offset=0, checksum=None, serialized_key_size=-1, serialized_value_size=185, serialized_header_size=-1)
2025-07-27 14:59:24 - agentic_system - INFO - chinese_teacher processing message #2
2025-07-27 14:59:24 - agentic_system - INFO - Question sent to chinese_teacher: Analyze the poem '靜夜思' by Li Bai...
2025-07-27 14:59:24 - agentic_system - INFO - Chinese teacher processing message: Analyze the poem '靜夜思' by Li Bai...
2025-07-27 14:59:35 - agentic_system - WARNING - Kafka health check failed: KafkaAdminClient.describe_cluster() got an unexpected keyword argument 'timeout_ms'
2025-07-27 14:59:51 - agentic_system - ERROR - Network error with Ollama: HTTPConnectionPool(host='ollama', port=11434): Read timed out. (read timeout=60)
2025-07-27 14:59:51 - agentic_system - INFO - Cost logged: english_teacher request $0.000000, tokens: 0, time: 60.05s
2025-07-27 14:59:51 - agentic_system - INFO - Message sent to topic 'result': RecordMetadata(topic='result', partition=0, topic_partition=TopicPartition(topic='result', partition=0), offset=2, timestamp=1753628391295, log_start_offset=0, checksum=None, serialized_key_size=-1, serialized_value_size=427, serialized_header_size=-1)
2025-07-27 14:59:51 - agentic_system - INFO - Received response from english_teacher: Error: Network issue connecting to Ollama - HTTPConnectionPool(host='ollama', port=11434): Read time...
2025-07-27 14:59:51 - agentic_system - INFO - english_teacher completed processing message #2
2025-07-27 14:59:51 - agentic_system - INFO - english_teacher processing message #3
2025-07-27 14:59:51 - agentic_system - INFO - English teacher processing message: How can I improve my English pronunciation?...
2025-07-27 14:59:57 - agentic_system - INFO - Ollama request completed: Input tokens: 210, Output tokens: 3, Response time: 30.65s
2025-07-27 14:59:57 - agentic_system - INFO - Dynamic assignment: 'What are some common English grammar mistakes to a...' -> english_teacher
2025-07-27 14:59:57 - agentic_system - INFO - Message sent to topic 'english_teacher': RecordMetadata(topic='english_teacher', partition=0, topic_partition=TopicPartition(topic='english_teacher', partition=0), offset=3, timestamp=1753628397678, log_start_offset=0, checksum=None, serialized_key_size=-1, serialized_value_size=194, serialized_header_size=-1)
2025-07-27 14:59:57 - agentic_system - INFO - Question sent to english_teacher: What are some common English grammar mistakes to a...
2025-07-27 15:00:05 - agentic_system - WARNING - Kafka health check failed: KafkaAdminClient.describe_cluster() got an unexpected keyword argument 'timeout_ms'
2025-07-27 15:00:10 - agentic_system - INFO - Trying to validate gemini for english_teacher
2025-07-27 15:00:10 - agentic_system - INFO - Validation result for gemini: {'valid': False, 'error': 'GEMINI_API_KEY not found in environment variables', 'suggestion': 'Set GEMINI_API_KEY in your .env file'}
2025-07-27 15:00:10 - agentic_system - WARNING - gemini validation failed: GEMINI_API_KEY not found in environment variables
2025-07-27 15:00:10 - agentic_system - INFO - Trying to validate ollama for english_teacher
2025-07-27 15:00:10 - agentic_system - INFO - Attempting to connect to Ollama server at http://ollama:11434 (attempt 1/5)
2025-07-27 15:00:10 - agentic_system - WARNING - Model 'llama2' not found in Ollama. Available models: ['llama2:latest']
2025-07-27 15:00:10 - agentic_system - INFO - Attempting to pull model 'llama2'...
2025-07-27 15:00:10 - agentic_system - INFO - Pulling model 'llama2' from Ollama...
2025-07-27 15:00:11 - agentic_system - INFO - Model 'llama2' pulled successfully
2025-07-27 15:00:11 - agentic_system - INFO - Ollama engine initialized with model: llama2
2025-07-27 15:00:11 - agentic_system - INFO - Validating Ollama server connection (attempt 1/3)
2025-07-27 15:00:11 - agentic_system - INFO - Ollama server validation successful
2025-07-27 15:00:11 - agentic_system - INFO - Validation result for ollama: {'valid': True, 'message': 'Ollama engine configuration is valid'}
2025-07-27 15:00:11 - agentic_system - INFO - Creating ollama engine for english_teacher
2025-07-27 15:00:11 - agentic_system - INFO - Attempting to connect to Ollama server at http://ollama:11434 (attempt 1/5)
2025-07-27 15:00:11 - agentic_system - WARNING - Model 'llama2' not found in Ollama. Available models: ['llama2:latest']
2025-07-27 15:00:11 - agentic_system - INFO - Attempting to pull model 'llama2'...
2025-07-27 15:00:11 - agentic_system - INFO - Pulling model 'llama2' from Ollama...
2025-07-27 15:00:12 - agentic_system - INFO - Model 'llama2' pulled successfully
2025-07-27 15:00:12 - agentic_system - INFO - Ollama engine initialized with model: llama2
2025-07-27 15:00:12 - agentic_system - INFO - Created Ollama engine with model: llama2 at http://ollama:11434
2025-07-27 15:00:12 - agentic_system - ERROR - Error generating response with Ollama: Ollama API error: 400 - {"error":"json: cannot unmarshal array into Go struct field GenerateRequest.prompt of type string"}
2025-07-27 15:00:24 - agentic_system - ERROR - Network error with Ollama: HTTPConnectionPool(host='ollama', port=11434): Read timed out. (read timeout=60)
2025-07-27 15:00:24 - agentic_system - INFO - Message sent to topic 'result': RecordMetadata(topic='result', partition=0, topic_partition=TopicPartition(topic='result', partition=0), offset=3, timestamp=1753628424075, log_start_offset=0, checksum=None, serialized_key_size=-1, serialized_value_size=336, serialized_header_size=-1)
2025-07-27 15:00:24 - agentic_system - INFO - Received response from chinese_teacher: Error: Network issue connecting to Ollama - HTTPConnectionPool(host='ollama', port=11434): Read time...
2025-07-27 15:00:24 - agentic_system - INFO - chinese_teacher completed processing message #2
2025-07-27 15:00:35 - agentic_system - WARNING - Kafka health check failed: KafkaAdminClient.describe_cluster() got an unexpected keyword argument 'timeout_ms'
2025-07-27 15:00:46 - agentic_system - INFO - Ollama request completed: Input tokens: 316, Output tokens: 482, Response time: 55.44s
2025-07-27 15:00:46 - agentic_system - INFO - Cost logged: english_teacher request $0.000000, tokens: 0, time: 55.44s
2025-07-27 15:00:46 - agentic_system - INFO - Message sent to topic 'result': RecordMetadata(topic='result', partition=0, topic_partition=TopicPartition(topic='result', partition=0), offset=4, timestamp=1753628446742, log_start_offset=0, checksum=None, serialized_key_size=-1, serialized_value_size=2251, serialized_header_size=-1)
2025-07-27 15:00:46 - agentic_system - INFO - Received response from english_teacher: 
Great, thank you for asking! Improving your English pronunciation can be achieved through consisten...
2025-07-27 15:00:46 - agentic_system - INFO - english_teacher completed processing message #3
2025-07-27 15:00:46 - agentic_system - INFO - english_teacher processing message #4
2025-07-27 15:00:46 - agentic_system - INFO - English teacher processing message: What are some common English grammar mistakes to a...
2025-07-27 15:01:05 - agentic_system - WARNING - Kafka health check failed: KafkaAdminClient.describe_cluster() got an unexpected keyword argument 'timeout_ms'
2025-07-27 15:01:35 - agentic_system - WARNING - Kafka health check failed: KafkaAdminClient.describe_cluster() got an unexpected keyword argument 'timeout_ms'
2025-07-27 15:01:46 - agentic_system - ERROR - Network error with Ollama: HTTPConnectionPool(host='ollama', port=11434): Read timed out. (read timeout=60)
2025-07-27 15:01:46 - agentic_system - INFO - Cost logged: english_teacher request $0.000000, tokens: 0, time: 60.06s
2025-07-27 15:01:46 - agentic_system - INFO - Message sent to topic 'result': RecordMetadata(topic='result', partition=0, topic_partition=TopicPartition(topic='result', partition=0), offset=5, timestamp=1753628506805, log_start_offset=0, checksum=None, serialized_key_size=-1, serialized_value_size=428, serialized_header_size=-1)
2025-07-27 15:01:46 - agentic_system - INFO - Received response from english_teacher: Error: Network issue connecting to Ollama - HTTPConnectionPool(host='ollama', port=11434): Read time...
2025-07-27 15:01:46 - agentic_system - INFO - english_teacher completed processing message #4
2025-07-27 15:02:05 - agentic_system - WARNING - Kafka health check failed: KafkaAdminClient.describe_cluster() got an unexpected keyword argument 'timeout_ms'
2025-07-27 15:02:35 - agentic_system - WARNING - Kafka health check failed: KafkaAdminClient.describe_cluster() got an unexpected keyword argument 'timeout_ms'
2025-07-27 15:03:05 - agentic_system - WARNING - Kafka health check failed: KafkaAdminClient.describe_cluster() got an unexpected keyword argument 'timeout_ms'
2025-07-27 15:03:35 - agentic_system - WARNING - Kafka health check failed: KafkaAdminClient.describe_cluster() got an unexpected keyword argument 'timeout_ms'
2025-07-27 15:04:05 - agentic_system - WARNING - Kafka health check failed: KafkaAdminClient.describe_cluster() got an unexpected keyword argument 'timeout_ms'
2025-07-27 15:04:35 - agentic_system - WARNING - Kafka health check failed: KafkaAdminClient.describe_cluster() got an unexpected keyword argument 'timeout_ms'
2025-07-27 15:05:05 - agentic_system - WARNING - Kafka health check failed: KafkaAdminClient.describe_cluster() got an unexpected keyword argument 'timeout_ms'
2025-07-27 15:05:35 - agentic_system - WARNING - Kafka health check failed: KafkaAdminClient.describe_cluster() got an unexpected keyword argument 'timeout_ms'
2025-07-27 15:06:05 - agentic_system - WARNING - Kafka health check failed: KafkaAdminClient.describe_cluster() got an unexpected keyword argument 'timeout_ms'
2025-07-27 15:06:35 - agentic_system - WARNING - Kafka health check failed: KafkaAdminClient.describe_cluster() got an unexpected keyword argument 'timeout_ms'
2025-07-27 15:07:05 - agentic_system - WARNING - Kafka health check failed: KafkaAdminClient.describe_cluster() got an unexpected keyword argument 'timeout_ms'
2025-07-27 15:07:35 - agentic_system - WARNING - Kafka health check failed: KafkaAdminClient.describe_cluster() got an unexpected keyword argument 'timeout_ms'
2025-07-27 15:08:05 - agentic_system - WARNING - Kafka health check failed: KafkaAdminClient.describe_cluster() got an unexpected keyword argument 'timeout_ms'
2025-07-27 15:08:35 - agentic_system - WARNING - Kafka health check failed: KafkaAdminClient.describe_cluster() got an unexpected keyword argument 'timeout_ms'
2025-07-27 15:09:05 - agentic_system - WARNING - Kafka health check failed: KafkaAdminClient.describe_cluster() got an unexpected keyword argument 'timeout_ms'
2025-07-27 15:09:35 - agentic_system - WARNING - Kafka health check failed: KafkaAdminClient.describe_cluster() got an unexpected keyword argument 'timeout_ms'
2025-07-27 15:10:05 - agentic_system - WARNING - Kafka health check failed: KafkaAdminClient.describe_cluster() got an unexpected keyword argument 'timeout_ms'
2025-07-27 15:10:35 - agentic_system - WARNING - Kafka health check failed: KafkaAdminClient.describe_cluster() got an unexpected keyword argument 'timeout_ms'
2025-07-27 15:11:05 - agentic_system - WARNING - Kafka health check failed: KafkaAdminClient.describe_cluster() got an unexpected keyword argument 'timeout_ms'
2025-07-27 15:11:35 - agentic_system - WARNING - Kafka health check failed: KafkaAdminClient.describe_cluster() got an unexpected keyword argument 'timeout_ms'
2025-07-27 15:12:05 - agentic_system - WARNING - Kafka health check failed: KafkaAdminClient.describe_cluster() got an unexpected keyword argument 'timeout_ms'
2025-07-27 15:12:35 - agentic_system - WARNING - Kafka health check failed: KafkaAdminClient.describe_cluster() got an unexpected keyword argument 'timeout_ms'
2025-07-27 15:13:05 - agentic_system - WARNING - Kafka health check failed: KafkaAdminClient.describe_cluster() got an unexpected keyword argument 'timeout_ms'
2025-07-27 15:13:35 - agentic_system - WARNING - Kafka health check failed: KafkaAdminClient.describe_cluster() got an unexpected keyword argument 'timeout_ms'
2025-07-27 15:14:05 - agentic_system - WARNING - Kafka health check failed: KafkaAdminClient.describe_cluster() got an unexpected keyword argument 'timeout_ms'
2025-07-27 15:14:35 - agentic_system - WARNING - Kafka health check failed: KafkaAdminClient.describe_cluster() got an unexpected keyword argument 'timeout_ms'
2025-07-27 15:15:05 - agentic_system - WARNING - Kafka health check failed: KafkaAdminClient.describe_cluster() got an unexpected keyword argument 'timeout_ms'
2025-07-27 15:15:35 - agentic_system - WARNING - Kafka health check failed: KafkaAdminClient.describe_cluster() got an unexpected keyword argument 'timeout_ms'
2025-07-27 15:15:50 - agentic_system - INFO - Trying to validate gemini for english_teacher
2025-07-27 15:15:50 - agentic_system - INFO - Validation result for gemini: {'valid': False, 'error': 'GEMINI_API_KEY not found in environment variables', 'suggestion': 'Set GEMINI_API_KEY in your .env file'}
2025-07-27 15:15:50 - agentic_system - WARNING - gemini validation failed: GEMINI_API_KEY not found in environment variables
2025-07-27 15:15:50 - agentic_system - INFO - Trying to validate ollama for english_teacher
2025-07-27 15:15:50 - agentic_system - INFO - Attempting to connect to Ollama server at http://ollama:11434 (attempt 1/5)
2025-07-27 15:15:50 - agentic_system - WARNING - Model 'llama2' not found in Ollama. Available models: ['llama2:latest']
2025-07-27 15:15:50 - agentic_system - INFO - Attempting to pull model 'llama2'...
2025-07-27 15:15:50 - agentic_system - INFO - Pulling model 'llama2' from Ollama...
2025-07-27 15:15:52 - agentic_system - INFO - Model 'llama2' pulled successfully
2025-07-27 15:15:52 - agentic_system - INFO - Ollama engine initialized with model: llama2
2025-07-27 15:15:52 - agentic_system - INFO - Validating Ollama server connection (attempt 1/3)
2025-07-27 15:15:52 - agentic_system - INFO - Ollama server validation successful
2025-07-27 15:15:52 - agentic_system - INFO - Validation result for ollama: {'valid': True, 'message': 'Ollama engine configuration is valid'}
2025-07-27 15:15:52 - agentic_system - INFO - Creating ollama engine for english_teacher
2025-07-27 15:15:52 - agentic_system - INFO - Attempting to connect to Ollama server at http://ollama:11434 (attempt 1/5)
2025-07-27 15:15:52 - agentic_system - WARNING - Model 'llama2' not found in Ollama. Available models: ['llama2:latest']
2025-07-27 15:15:52 - agentic_system - INFO - Attempting to pull model 'llama2'...
2025-07-27 15:15:52 - agentic_system - INFO - Pulling model 'llama2' from Ollama...
2025-07-27 15:15:53 - agentic_system - INFO - Model 'llama2' pulled successfully
2025-07-27 15:15:53 - agentic_system - INFO - Ollama engine initialized with model: llama2
2025-07-27 15:15:53 - agentic_system - INFO - Created Ollama engine with model: llama2 at http://ollama:11434
2025-07-27 15:16:05 - agentic_system - WARNING - Kafka health check failed: KafkaAdminClient.describe_cluster() got an unexpected keyword argument 'timeout_ms'
2025-07-27 15:16:07 - agentic_system - INFO - Trying to validate gemini for english_teacher
2025-07-27 15:16:07 - agentic_system - INFO - Validation result for gemini: {'valid': False, 'error': 'GEMINI_API_KEY not found in environment variables', 'suggestion': 'Set GEMINI_API_KEY in your .env file'}
2025-07-27 15:16:07 - agentic_system - WARNING - gemini validation failed: GEMINI_API_KEY not found in environment variables
2025-07-27 15:16:07 - agentic_system - INFO - Trying to validate ollama for english_teacher
2025-07-27 15:16:07 - agentic_system - INFO - Attempting to connect to Ollama server at http://ollama:11434 (attempt 1/5)
2025-07-27 15:16:07 - agentic_system - WARNING - Model 'llama2' not found in Ollama. Available models: ['llama2:latest']
2025-07-27 15:16:07 - agentic_system - INFO - Attempting to pull model 'llama2'...
2025-07-27 15:16:07 - agentic_system - INFO - Pulling model 'llama2' from Ollama...
2025-07-27 15:16:08 - agentic_system - INFO - Model 'llama2' pulled successfully
2025-07-27 15:16:08 - agentic_system - INFO - Ollama engine initialized with model: llama2
2025-07-27 15:16:08 - agentic_system - INFO - Validating Ollama server connection (attempt 1/3)
2025-07-27 15:16:08 - agentic_system - INFO - Ollama server validation successful
2025-07-27 15:16:08 - agentic_system - INFO - Validation result for ollama: {'valid': True, 'message': 'Ollama engine configuration is valid'}
2025-07-27 15:16:08 - agentic_system - INFO - Creating ollama engine for english_teacher
2025-07-27 15:16:08 - agentic_system - INFO - Attempting to connect to Ollama server at http://ollama:11434 (attempt 1/5)
2025-07-27 15:16:08 - agentic_system - WARNING - Model 'llama2' not found in Ollama. Available models: ['llama2:latest']
2025-07-27 15:16:08 - agentic_system - INFO - Attempting to pull model 'llama2'...
2025-07-27 15:16:08 - agentic_system - INFO - Pulling model 'llama2' from Ollama...
2025-07-27 15:16:09 - agentic_system - INFO - Model 'llama2' pulled successfully
2025-07-27 15:16:09 - agentic_system - INFO - Ollama engine initialized with model: llama2
2025-07-27 15:16:09 - agentic_system - INFO - Created Ollama engine with model: llama2 at http://ollama:11434
2025-07-27 15:16:18 - agentic_system - INFO - Ollama request completed: Input tokens: 4, Output tokens: 56, Response time: 9.57s
2025-07-27 15:16:35 - agentic_system - WARNING - Kafka health check failed: KafkaAdminClient.describe_cluster() got an unexpected keyword argument 'timeout_ms'
2025-07-27 15:17:05 - agentic_system - WARNING - Kafka health check failed: KafkaAdminClient.describe_cluster() got an unexpected keyword argument 'timeout_ms'
2025-07-27 15:17:23 - agentic_system - INFO - Trying to validate gemini for english_teacher
2025-07-27 15:17:23 - agentic_system - INFO - Validation result for gemini: {'valid': False, 'error': 'GEMINI_API_KEY not found in environment variables', 'suggestion': 'Set GEMINI_API_KEY in your .env file'}
2025-07-27 15:17:23 - agentic_system - WARNING - gemini validation failed: GEMINI_API_KEY not found in environment variables
2025-07-27 15:17:23 - agentic_system - INFO - Trying to validate ollama for english_teacher
2025-07-27 15:17:23 - agentic_system - INFO - Attempting to connect to Ollama server at http://ollama:11434 (attempt 1/5)
2025-07-27 15:17:23 - agentic_system - WARNING - Model 'llama2' not found in Ollama. Available models: ['llama2:latest']
2025-07-27 15:17:23 - agentic_system - INFO - Attempting to pull model 'llama2'...
2025-07-27 15:17:23 - agentic_system - INFO - Pulling model 'llama2' from Ollama...
2025-07-27 15:17:23 - agentic_system - INFO - Model 'llama2' pulled successfully
2025-07-27 15:17:23 - agentic_system - INFO - Ollama engine initialized with model: llama2
2025-07-27 15:17:23 - agentic_system - INFO - Validating Ollama server connection (attempt 1/3)
2025-07-27 15:17:23 - agentic_system - INFO - Ollama server validation successful
2025-07-27 15:17:23 - agentic_system - INFO - Validation result for ollama: {'valid': True, 'message': 'Ollama engine configuration is valid'}
2025-07-27 15:17:23 - agentic_system - INFO - Creating ollama engine for english_teacher
2025-07-27 15:17:23 - agentic_system - INFO - Attempting to connect to Ollama server at http://ollama:11434 (attempt 1/5)
2025-07-27 15:17:23 - agentic_system - WARNING - Model 'llama2' not found in Ollama. Available models: ['llama2:latest']
2025-07-27 15:17:23 - agentic_system - INFO - Attempting to pull model 'llama2'...
2025-07-27 15:17:23 - agentic_system - INFO - Pulling model 'llama2' from Ollama...
2025-07-27 15:17:24 - agentic_system - INFO - Model 'llama2' pulled successfully
2025-07-27 15:17:24 - agentic_system - INFO - Ollama engine initialized with model: llama2
2025-07-27 15:17:24 - agentic_system - INFO - Created Ollama engine with model: llama2 at http://ollama:11434
2025-07-27 15:17:29 - agentic_system - INFO - Ollama request completed: Input tokens: 4, Output tokens: 81, Response time: 5.14s
2025-07-27 15:17:35 - agentic_system - WARNING - Kafka health check failed: KafkaAdminClient.describe_cluster() got an unexpected keyword argument 'timeout_ms'
2025-07-27 15:17:40 - agentic_system - INFO - Trying to validate gemini for english_teacher
2025-07-27 15:17:40 - agentic_system - INFO - Validation result for gemini: {'valid': False, 'error': 'GEMINI_API_KEY not found in environment variables', 'suggestion': 'Set GEMINI_API_KEY in your .env file'}
2025-07-27 15:17:40 - agentic_system - WARNING - gemini validation failed: GEMINI_API_KEY not found in environment variables
2025-07-27 15:17:40 - agentic_system - INFO - Trying to validate ollama for english_teacher
2025-07-27 15:17:40 - agentic_system - INFO - Attempting to connect to Ollama server at http://ollama:11434 (attempt 1/5)
2025-07-27 15:17:40 - agentic_system - WARNING - Model 'llama2' not found in Ollama. Available models: ['llama2:latest']
2025-07-27 15:17:40 - agentic_system - INFO - Attempting to pull model 'llama2'...
2025-07-27 15:17:40 - agentic_system - INFO - Pulling model 'llama2' from Ollama...
2025-07-27 15:17:41 - agentic_system - INFO - Model 'llama2' pulled successfully
2025-07-27 15:17:41 - agentic_system - INFO - Ollama engine initialized with model: llama2
2025-07-27 15:17:41 - agentic_system - INFO - Validating Ollama server connection (attempt 1/3)
2025-07-27 15:17:41 - agentic_system - INFO - Ollama server validation successful
2025-07-27 15:17:41 - agentic_system - INFO - Validation result for ollama: {'valid': True, 'message': 'Ollama engine configuration is valid'}
2025-07-27 15:17:41 - agentic_system - INFO - Creating ollama engine for english_teacher
2025-07-27 15:17:41 - agentic_system - INFO - Attempting to connect to Ollama server at http://ollama:11434 (attempt 1/5)
2025-07-27 15:17:41 - agentic_system - WARNING - Model 'llama2' not found in Ollama. Available models: ['llama2:latest']
2025-07-27 15:17:41 - agentic_system - INFO - Attempting to pull model 'llama2'...
2025-07-27 15:17:41 - agentic_system - INFO - Pulling model 'llama2' from Ollama...
2025-07-27 15:17:42 - agentic_system - INFO - Model 'llama2' pulled successfully
2025-07-27 15:17:42 - agentic_system - INFO - Ollama engine initialized with model: llama2
2025-07-27 15:17:42 - agentic_system - INFO - Created Ollama engine with model: llama2 at http://ollama:11434
2025-07-27 15:17:43 - agentic_system - INFO - Ollama request completed: Input tokens: 3, Output tokens: 6, Response time: 1.11s
2025-07-27 15:18:05 - agentic_system - WARNING - Kafka health check failed: KafkaAdminClient.describe_cluster() got an unexpected keyword argument 'timeout_ms'
2025-07-27 15:18:17 - agentic_system - INFO - Trying to validate gemini for english_teacher
2025-07-27 15:18:17 - agentic_system - INFO - Validation result for gemini: {'valid': False, 'error': 'GEMINI_API_KEY not found in environment variables', 'suggestion': 'Set GEMINI_API_KEY in your .env file'}
2025-07-27 15:18:17 - agentic_system - WARNING - gemini validation failed: GEMINI_API_KEY not found in environment variables
2025-07-27 15:18:17 - agentic_system - INFO - Trying to validate ollama for english_teacher
2025-07-27 15:18:17 - agentic_system - INFO - Attempting to connect to Ollama server at http://ollama:11434 (attempt 1/5)
2025-07-27 15:18:17 - agentic_system - WARNING - Model 'llama2' not found in Ollama. Available models: ['llama2:latest']
2025-07-27 15:18:17 - agentic_system - INFO - Attempting to pull model 'llama2'...
2025-07-27 15:18:17 - agentic_system - INFO - Pulling model 'llama2' from Ollama...
2025-07-27 15:18:17 - agentic_system - INFO - Model 'llama2' pulled successfully
2025-07-27 15:18:17 - agentic_system - INFO - Ollama engine initialized with model: llama2
2025-07-27 15:18:17 - agentic_system - INFO - Validating Ollama server connection (attempt 1/3)
2025-07-27 15:18:17 - agentic_system - INFO - Ollama server validation successful
2025-07-27 15:18:17 - agentic_system - INFO - Validation result for ollama: {'valid': True, 'message': 'Ollama engine configuration is valid'}
2025-07-27 15:18:17 - agentic_system - INFO - Creating ollama engine for english_teacher
2025-07-27 15:18:17 - agentic_system - INFO - Attempting to connect to Ollama server at http://ollama:11434 (attempt 1/5)
2025-07-27 15:18:17 - agentic_system - WARNING - Model 'llama2' not found in Ollama. Available models: ['llama2:latest']
2025-07-27 15:18:17 - agentic_system - INFO - Attempting to pull model 'llama2'...
2025-07-27 15:18:17 - agentic_system - INFO - Pulling model 'llama2' from Ollama...
2025-07-27 15:18:18 - agentic_system - INFO - Model 'llama2' pulled successfully
2025-07-27 15:18:18 - agentic_system - INFO - Ollama engine initialized with model: llama2
2025-07-27 15:18:18 - agentic_system - INFO - Created Ollama engine with model: llama2 at http://ollama:11434
2025-07-27 15:18:19 - agentic_system - INFO - Ollama request completed: Input tokens: 3, Output tokens: 5, Response time: 0.81s
2025-07-27 15:18:35 - agentic_system - WARNING - Kafka health check failed: KafkaAdminClient.describe_cluster() got an unexpected keyword argument 'timeout_ms'
2025-07-27 15:18:38 - agentic_system - INFO - Trying to validate gemini for chinese_teacher
2025-07-27 15:18:38 - agentic_system - INFO - Validation result for gemini: {'valid': False, 'error': 'GEMINI_API_KEY not found in environment variables', 'suggestion': 'Set GEMINI_API_KEY in your .env file'}
2025-07-27 15:18:38 - agentic_system - WARNING - gemini validation failed: GEMINI_API_KEY not found in environment variables
2025-07-27 15:18:38 - agentic_system - INFO - Trying to validate ollama for chinese_teacher
2025-07-27 15:18:38 - agentic_system - INFO - Attempting to connect to Ollama server at http://ollama:11434 (attempt 1/5)
2025-07-27 15:18:38 - agentic_system - WARNING - Model 'llama2' not found in Ollama. Available models: ['llama2:latest']
2025-07-27 15:18:38 - agentic_system - INFO - Attempting to pull model 'llama2'...
2025-07-27 15:18:38 - agentic_system - INFO - Pulling model 'llama2' from Ollama...
2025-07-27 15:18:39 - agentic_system - INFO - Model 'llama2' pulled successfully
2025-07-27 15:18:39 - agentic_system - INFO - Ollama engine initialized with model: llama2
2025-07-27 15:18:39 - agentic_system - INFO - Validating Ollama server connection (attempt 1/3)
2025-07-27 15:18:39 - agentic_system - INFO - Ollama server validation successful
2025-07-27 15:18:39 - agentic_system - INFO - Validation result for ollama: {'valid': True, 'message': 'Ollama engine configuration is valid'}
2025-07-27 15:18:39 - agentic_system - INFO - Creating ollama engine for chinese_teacher
2025-07-27 15:18:39 - agentic_system - INFO - Attempting to connect to Ollama server at http://ollama:11434 (attempt 1/5)
2025-07-27 15:18:39 - agentic_system - WARNING - Model 'llama2' not found in Ollama. Available models: ['llama2:latest']
2025-07-27 15:18:39 - agentic_system - INFO - Attempting to pull model 'llama2'...
2025-07-27 15:18:39 - agentic_system - INFO - Pulling model 'llama2' from Ollama...
2025-07-27 15:18:40 - agentic_system - INFO - Model 'llama2' pulled successfully
2025-07-27 15:18:40 - agentic_system - INFO - Ollama engine initialized with model: llama2
2025-07-27 15:18:40 - agentic_system - INFO - Created Ollama engine with model: llama2 at http://ollama:11434
2025-07-27 15:19:05 - agentic_system - WARNING - Kafka health check failed: KafkaAdminClient.describe_cluster() got an unexpected keyword argument 'timeout_ms'
2025-07-27 15:19:29 - agentic_system - INFO - Ollama request completed: Input tokens: 6, Output tokens: 591, Response time: 48.54s
2025-07-27 15:19:35 - agentic_system - WARNING - Kafka health check failed: KafkaAdminClient.describe_cluster() got an unexpected keyword argument 'timeout_ms'
2025-07-27 15:20:05 - agentic_system - WARNING - Kafka health check failed: KafkaAdminClient.describe_cluster() got an unexpected keyword argument 'timeout_ms'
2025-07-27 15:20:34 - agentic_system - INFO - Trying to validate gemini for chinese_teacher
2025-07-27 15:20:34 - agentic_system - INFO - Validation result for gemini: {'valid': False, 'error': 'GEMINI_API_KEY not found in environment variables', 'suggestion': 'Set GEMINI_API_KEY in your .env file'}
2025-07-27 15:20:34 - agentic_system - WARNING - gemini validation failed: GEMINI_API_KEY not found in environment variables
2025-07-27 15:20:34 - agentic_system - INFO - Trying to validate ollama for chinese_teacher
2025-07-27 15:20:34 - agentic_system - INFO - Attempting to connect to Ollama server at http://ollama:11434 (attempt 1/5)
2025-07-27 15:20:34 - agentic_system - WARNING - Model 'llama2' not found in Ollama. Available models: ['llama2:latest']
2025-07-27 15:20:34 - agentic_system - INFO - Attempting to pull model 'llama2'...
2025-07-27 15:20:34 - agentic_system - INFO - Pulling model 'llama2' from Ollama...
2025-07-27 15:20:34 - agentic_system - INFO - Model 'llama2' pulled successfully
2025-07-27 15:20:34 - agentic_system - INFO - Ollama engine initialized with model: llama2
2025-07-27 15:20:34 - agentic_system - INFO - Validating Ollama server connection (attempt 1/3)
2025-07-27 15:20:34 - agentic_system - INFO - Ollama server validation successful
2025-07-27 15:20:34 - agentic_system - INFO - Validation result for ollama: {'valid': True, 'message': 'Ollama engine configuration is valid'}
2025-07-27 15:20:34 - agentic_system - INFO - Creating ollama engine for chinese_teacher
2025-07-27 15:20:34 - agentic_system - INFO - Attempting to connect to Ollama server at http://ollama:11434 (attempt 1/5)
2025-07-27 15:20:34 - agentic_system - WARNING - Model 'llama2' not found in Ollama. Available models: ['llama2:latest']
2025-07-27 15:20:34 - agentic_system - INFO - Attempting to pull model 'llama2'...
2025-07-27 15:20:34 - agentic_system - INFO - Pulling model 'llama2' from Ollama...
2025-07-27 15:20:35 - agentic_system - WARNING - Kafka health check failed: KafkaAdminClient.describe_cluster() got an unexpected keyword argument 'timeout_ms'
2025-07-27 15:20:35 - agentic_system - INFO - Model 'llama2' pulled successfully
2025-07-27 15:20:35 - agentic_system - INFO - Ollama engine initialized with model: llama2
2025-07-27 15:20:35 - agentic_system - INFO - Created Ollama engine with model: llama2 at http://ollama:11434
2025-07-27 15:21:04 - agentic_system - INFO - Ollama request completed: Input tokens: 1, Output tokens: 416, Response time: 28.88s
2025-07-27 15:21:05 - agentic_system - WARNING - Kafka health check failed: KafkaAdminClient.describe_cluster() got an unexpected keyword argument 'timeout_ms'
2025-07-27 15:21:35 - agentic_system - WARNING - Kafka health check failed: KafkaAdminClient.describe_cluster() got an unexpected keyword argument 'timeout_ms'
2025-07-27 15:22:05 - agentic_system - WARNING - Kafka health check failed: KafkaAdminClient.describe_cluster() got an unexpected keyword argument 'timeout_ms'
2025-07-27 15:22:35 - agentic_system - WARNING - Kafka health check failed: KafkaAdminClient.describe_cluster() got an unexpected keyword argument 'timeout_ms'
2025-07-27 15:23:05 - agentic_system - WARNING - Kafka health check failed: KafkaAdminClient.describe_cluster() got an unexpected keyword argument 'timeout_ms'
2025-07-27 15:23:35 - agentic_system - WARNING - Kafka health check failed: KafkaAdminClient.describe_cluster() got an unexpected keyword argument 'timeout_ms'
2025-07-27 15:24:05 - agentic_system - WARNING - Kafka health check failed: KafkaAdminClient.describe_cluster() got an unexpected keyword argument 'timeout_ms'
2025-07-27 15:24:35 - agentic_system - WARNING - Kafka health check failed: KafkaAdminClient.describe_cluster() got an unexpected keyword argument 'timeout_ms'
2025-07-27 15:25:05 - agentic_system - WARNING - Kafka health check failed: KafkaAdminClient.describe_cluster() got an unexpected keyword argument 'timeout_ms'
2025-07-27 15:25:35 - agentic_system - WARNING - Kafka health check failed: KafkaAdminClient.describe_cluster() got an unexpected keyword argument 'timeout_ms'
2025-07-27 15:26:05 - agentic_system - WARNING - Kafka health check failed: KafkaAdminClient.describe_cluster() got an unexpected keyword argument 'timeout_ms'
2025-07-27 15:26:24 - agentic_system - INFO - Trying to validate gemini for english_teacher
2025-07-27 15:26:24 - agentic_system - INFO - Validation result for gemini: {'valid': False, 'error': 'GEMINI_API_KEY not found in environment variables', 'suggestion': 'Set GEMINI_API_KEY in your .env file'}
2025-07-27 15:26:24 - agentic_system - WARNING - gemini validation failed: GEMINI_API_KEY not found in environment variables
2025-07-27 15:26:24 - agentic_system - INFO - Trying to validate ollama for english_teacher
2025-07-27 15:26:24 - agentic_system - INFO - Attempting to connect to Ollama server at http://ollama:11434 (attempt 1/5)
2025-07-27 15:26:24 - agentic_system - WARNING - Model 'llama2' not found in Ollama. Available models: ['llama2:latest']
2025-07-27 15:26:24 - agentic_system - INFO - Attempting to pull model 'llama2'...
2025-07-27 15:26:24 - agentic_system - INFO - Pulling model 'llama2' from Ollama...
2025-07-27 15:26:26 - agentic_system - INFO - Model 'llama2' pulled successfully
2025-07-27 15:26:26 - agentic_system - INFO - Ollama engine initialized with model: llama2
2025-07-27 15:26:26 - agentic_system - INFO - Validating Ollama server connection (attempt 1/3)
2025-07-27 15:26:26 - agentic_system - INFO - Ollama server validation successful
2025-07-27 15:26:26 - agentic_system - INFO - Validation result for ollama: {'valid': True, 'message': 'Ollama engine configuration is valid'}
2025-07-27 15:26:26 - agentic_system - INFO - Creating ollama engine for english_teacher
2025-07-27 15:26:26 - agentic_system - INFO - Attempting to connect to Ollama server at http://ollama:11434 (attempt 1/5)
2025-07-27 15:26:26 - agentic_system - WARNING - Model 'llama2' not found in Ollama. Available models: ['llama2:latest']
2025-07-27 15:26:26 - agentic_system - INFO - Attempting to pull model 'llama2'...
2025-07-27 15:26:26 - agentic_system - INFO - Pulling model 'llama2' from Ollama...
2025-07-27 15:26:26 - agentic_system - INFO - Model 'llama2' pulled successfully
2025-07-27 15:26:26 - agentic_system - INFO - Ollama engine initialized with model: llama2
2025-07-27 15:26:26 - agentic_system - INFO - Created Ollama engine with model: llama2 at http://ollama:11434
2025-07-27 15:26:35 - agentic_system - WARNING - Kafka health check failed: KafkaAdminClient.describe_cluster() got an unexpected keyword argument 'timeout_ms'
2025-07-27 15:26:38 - agentic_system - INFO - Ollama request completed: Input tokens: 7, Output tokens: 96, Response time: 11.36s
2025-07-27 15:27:05 - agentic_system - WARNING - Kafka health check failed: KafkaAdminClient.describe_cluster() got an unexpected keyword argument 'timeout_ms'
2025-07-27 15:27:35 - agentic_system - WARNING - Kafka health check failed: KafkaAdminClient.describe_cluster() got an unexpected keyword argument 'timeout_ms'
2025-07-27 15:28:05 - agentic_system - WARNING - Kafka health check failed: KafkaAdminClient.describe_cluster() got an unexpected keyword argument 'timeout_ms'
2025-07-27 15:28:35 - agentic_system - WARNING - Kafka health check failed: KafkaAdminClient.describe_cluster() got an unexpected keyword argument 'timeout_ms'
2025-07-27 15:29:05 - agentic_system - WARNING - Kafka health check failed: KafkaAdminClient.describe_cluster() got an unexpected keyword argument 'timeout_ms'
2025-07-27 15:29:35 - agentic_system - WARNING - Kafka health check failed: KafkaAdminClient.describe_cluster() got an unexpected keyword argument 'timeout_ms'
2025-07-27 15:30:03 - agentic_system - INFO - Stopping Agentic Teaching System...
2025-07-27 15:30:03 - agentic_system - INFO - Result listener stopped
2025-07-27 15:30:04 - agentic_system - INFO - Stopped consumer for english_teacher
2025-07-27 15:30:04 - agentic_system - INFO - Stopped consumer for chinese_teacher
2025-07-27 15:30:04 - agentic_system - INFO - All agent consumers stopped
2025-07-27 15:30:05 - agentic_system - INFO - Health monitoring stopped
2025-07-27 15:30:05 - agentic_system - INFO - Agentic Teaching System stopped
2025-07-27 15:30:06 - agentic_system - INFO - Kafka admin client initialized successfully
2025-07-27 15:30:06 - agentic_system - INFO - Agent registered: english_teacher_001 -> english_teacher
2025-07-27 15:30:06 - agentic_system - INFO - Agent registered: chinese_teacher_001 -> chinese_teacher
2025-07-27 15:30:06 - agentic_system - INFO - Trying to validate gemini for dynamic_assign
2025-07-27 15:30:06 - agentic_system - INFO - Validation result for gemini: {'valid': False, 'error': 'GEMINI_API_KEY not found in environment variables', 'suggestion': 'Set GEMINI_API_KEY in your .env file'}
2025-07-27 15:30:06 - agentic_system - WARNING - gemini validation failed: GEMINI_API_KEY not found in environment variables
2025-07-27 15:30:06 - agentic_system - INFO - Trying to validate ollama for dynamic_assign
2025-07-27 15:30:06 - agentic_system - INFO - Attempting to connect to Ollama server at http://ollama:11434 (attempt 1/5)
2025-07-27 15:30:06 - agentic_system - WARNING - Model 'llama2' not found in Ollama. Available models: ['llama3.1:8b', 'llama2:latest']
2025-07-27 15:30:06 - agentic_system - INFO - Attempting to pull model 'llama2'...
2025-07-27 15:30:06 - agentic_system - INFO - Pulling model 'llama2' from Ollama...
2025-07-27 15:30:07 - agentic_system - INFO - Model 'llama2' pulled successfully
2025-07-27 15:30:07 - agentic_system - INFO - Ollama engine initialized with model: llama2
2025-07-27 15:30:07 - agentic_system - INFO - Validating Ollama server connection (attempt 1/3)
2025-07-27 15:30:07 - agentic_system - INFO - Ollama server validation successful
2025-07-27 15:30:07 - agentic_system - INFO - Validation result for ollama: {'valid': True, 'message': 'Ollama engine configuration is valid'}
2025-07-27 15:30:07 - agentic_system - INFO - Creating ollama engine for dynamic_assign
2025-07-27 15:30:07 - agentic_system - INFO - Attempting to connect to Ollama server at http://ollama:11434 (attempt 1/5)
2025-07-27 15:30:07 - agentic_system - WARNING - Model 'llama2' not found in Ollama. Available models: ['llama2:latest', 'llama3.1:8b']
2025-07-27 15:30:07 - agentic_system - INFO - Attempting to pull model 'llama2'...
2025-07-27 15:30:07 - agentic_system - INFO - Pulling model 'llama2' from Ollama...
2025-07-27 15:30:08 - agentic_system - INFO - Model 'llama2' pulled successfully
2025-07-27 15:30:08 - agentic_system - INFO - Ollama engine initialized with model: llama2
2025-07-27 15:30:08 - agentic_system - INFO - Created Ollama engine with model: llama2 at http://ollama:11434
2025-07-27 15:30:08 - agentic_system - INFO - Starting Agentic Teaching System...
2025-07-27 15:30:08 - agentic_system - INFO - Waiting for infrastructure services to be ready...
2025-07-27 15:30:16 - agentic_system - INFO - Trying to validate gemini for english_teacher
2025-07-27 15:30:16 - agentic_system - INFO - Validation result for gemini: {'valid': False, 'error': 'GEMINI_API_KEY not found in environment variables', 'suggestion': 'Set GEMINI_API_KEY in your .env file'}
2025-07-27 15:30:16 - agentic_system - WARNING - gemini validation failed: GEMINI_API_KEY not found in environment variables
2025-07-27 15:30:16 - agentic_system - INFO - Trying to validate ollama for english_teacher
2025-07-27 15:30:16 - agentic_system - INFO - Attempting to connect to Ollama server at http://ollama:11434 (attempt 1/5)
2025-07-27 15:30:16 - agentic_system - WARNING - Model 'llama2' not found in Ollama. Available models: ['llama2:latest', 'llama3.1:8b']
2025-07-27 15:30:16 - agentic_system - INFO - Attempting to pull model 'llama2'...
2025-07-27 15:30:16 - agentic_system - INFO - Pulling model 'llama2' from Ollama...
2025-07-27 15:30:16 - agentic_system - INFO - Model 'llama2' pulled successfully
2025-07-27 15:30:16 - agentic_system - INFO - Ollama engine initialized with model: llama2
2025-07-27 15:30:16 - agentic_system - INFO - Validating Ollama server connection (attempt 1/3)
2025-07-27 15:30:16 - agentic_system - INFO - Ollama server validation successful
2025-07-27 15:30:16 - agentic_system - INFO - Validation result for ollama: {'valid': True, 'message': 'Ollama engine configuration is valid'}
2025-07-27 15:30:16 - agentic_system - INFO - Creating ollama engine for english_teacher
2025-07-27 15:30:16 - agentic_system - INFO - Attempting to connect to Ollama server at http://ollama:11434 (attempt 1/5)
2025-07-27 15:30:16 - agentic_system - WARNING - Model 'llama2' not found in Ollama. Available models: ['llama2:latest', 'llama3.1:8b']
2025-07-27 15:30:16 - agentic_system - INFO - Attempting to pull model 'llama2'...
2025-07-27 15:30:16 - agentic_system - INFO - Pulling model 'llama2' from Ollama...
2025-07-27 15:30:17 - agentic_system - INFO - Model 'llama2' pulled successfully
2025-07-27 15:30:17 - agentic_system - INFO - Ollama engine initialized with model: llama2
2025-07-27 15:30:17 - agentic_system - INFO - Created Ollama engine with model: llama2 at http://ollama:11434
2025-07-27 15:30:18 - agentic_system - WARNING - Kafka health check failed: KafkaAdminClient.describe_cluster() got an unexpected keyword argument 'timeout_ms'
2025-07-27 15:30:18 - agentic_system - INFO - Health monitoring started
2025-07-27 15:30:18 - agentic_system - INFO - Initializing agents...
2025-07-27 15:30:18 - agentic_system - INFO - Trying to validate gemini for english_teacher
2025-07-27 15:30:18 - agentic_system - INFO - Validation result for gemini: {'valid': False, 'error': 'GEMINI_API_KEY not found in environment variables', 'suggestion': 'Set GEMINI_API_KEY in your .env file'}
2025-07-27 15:30:18 - agentic_system - WARNING - gemini validation failed: GEMINI_API_KEY not found in environment variables
2025-07-27 15:30:18 - agentic_system - INFO - Trying to validate ollama for english_teacher
2025-07-27 15:30:18 - agentic_system - INFO - Attempting to connect to Ollama server at http://ollama:11434 (attempt 1/5)
2025-07-27 15:30:18 - agentic_system - WARNING - Model 'llama2' not found in Ollama. Available models: ['llama2:latest', 'llama3.1:8b']
2025-07-27 15:30:18 - agentic_system - INFO - Attempting to pull model 'llama2'...
2025-07-27 15:30:18 - agentic_system - INFO - Pulling model 'llama2' from Ollama...
2025-07-27 15:30:18 - agentic_system - INFO - Model 'llama2' pulled successfully
2025-07-27 15:30:18 - agentic_system - INFO - Ollama engine initialized with model: llama2
2025-07-27 15:30:18 - agentic_system - INFO - Validating Ollama server connection (attempt 1/3)
2025-07-27 15:30:18 - agentic_system - INFO - Ollama server validation successful
2025-07-27 15:30:18 - agentic_system - INFO - Validation result for ollama: {'valid': True, 'message': 'Ollama engine configuration is valid'}
2025-07-27 15:30:18 - agentic_system - INFO - Creating ollama engine for english_teacher
2025-07-27 15:30:18 - agentic_system - INFO - Attempting to connect to Ollama server at http://ollama:11434 (attempt 1/5)
2025-07-27 15:30:18 - agentic_system - WARNING - Model 'llama2' not found in Ollama. Available models: ['llama2:latest', 'llama3.1:8b']
2025-07-27 15:30:18 - agentic_system - INFO - Attempting to pull model 'llama2'...
2025-07-27 15:30:18 - agentic_system - INFO - Pulling model 'llama2' from Ollama...
2025-07-27 15:30:19 - agentic_system - INFO - Model 'llama2' pulled successfully
2025-07-27 15:30:19 - agentic_system - INFO - Ollama engine initialized with model: llama2
2025-07-27 15:30:19 - agentic_system - INFO - Created Ollama engine with model: llama2 at http://ollama:11434
2025-07-27 15:30:19 - agentic_system - INFO - Agent initialized: english_teacher_001 (english_teacher)
2025-07-27 15:30:19 - agentic_system - INFO - Trying to validate gemini for chinese_teacher
2025-07-27 15:30:19 - agentic_system - INFO - Validation result for gemini: {'valid': False, 'error': 'GEMINI_API_KEY not found in environment variables', 'suggestion': 'Set GEMINI_API_KEY in your .env file'}
2025-07-27 15:30:19 - agentic_system - WARNING - gemini validation failed: GEMINI_API_KEY not found in environment variables
2025-07-27 15:30:19 - agentic_system - INFO - Trying to validate ollama for chinese_teacher
2025-07-27 15:30:19 - agentic_system - INFO - Attempting to connect to Ollama server at http://ollama:11434 (attempt 1/5)
2025-07-27 15:30:19 - agentic_system - WARNING - Model 'llama2' not found in Ollama. Available models: ['llama2:latest', 'llama3.1:8b']
2025-07-27 15:30:19 - agentic_system - INFO - Attempting to pull model 'llama2'...
2025-07-27 15:30:19 - agentic_system - INFO - Pulling model 'llama2' from Ollama...
2025-07-27 15:30:20 - agentic_system - INFO - Model 'llama2' pulled successfully
2025-07-27 15:30:20 - agentic_system - INFO - Ollama engine initialized with model: llama2
2025-07-27 15:30:20 - agentic_system - INFO - Validating Ollama server connection (attempt 1/3)
2025-07-27 15:30:20 - agentic_system - INFO - Ollama server validation successful
2025-07-27 15:30:20 - agentic_system - INFO - Validation result for ollama: {'valid': True, 'message': 'Ollama engine configuration is valid'}
2025-07-27 15:30:20 - agentic_system - INFO - Creating ollama engine for chinese_teacher
2025-07-27 15:30:20 - agentic_system - INFO - Attempting to connect to Ollama server at http://ollama:11434 (attempt 1/5)
2025-07-27 15:30:20 - agentic_system - WARNING - Model 'llama2' not found in Ollama. Available models: ['llama2:latest', 'llama3.1:8b']
2025-07-27 15:30:20 - agentic_system - INFO - Attempting to pull model 'llama2'...
2025-07-27 15:30:20 - agentic_system - INFO - Pulling model 'llama2' from Ollama...
2025-07-27 15:30:21 - agentic_system - INFO - Model 'llama2' pulled successfully
2025-07-27 15:30:21 - agentic_system - INFO - Ollama engine initialized with model: llama2
2025-07-27 15:30:21 - agentic_system - INFO - Created Ollama engine with model: llama2 at http://ollama:11434
2025-07-27 15:30:21 - agentic_system - INFO - Agent initialized: chinese_teacher_001 (chinese_teacher)
2025-07-27 15:30:21 - agentic_system - INFO - Registered consumer for english_teacher
2025-07-27 15:30:21 - agentic_system - INFO - Registered consumer for chinese_teacher
2025-07-27 15:30:21 - agentic_system - INFO - Initialized 2 agent consumers
2025-07-27 15:30:21 - agentic_system - INFO - Starting agent consumers...
2025-07-27 15:30:21 - agentic_system - ERROR - Failed to list topics: 'dict' object has no attribute 'topics'
2025-07-27 15:30:21 - agentic_system - ERROR - Failed to create topics: [Error 36] TopicAlreadyExistsError: Request 'CreateTopicsRequest_v3(create_topic_requests=[(topic='english_teacher', num_partitions=1, replication_factor=1, replica_assignment=[], configs=[]), (topic='chinese_teacher', num_partitions=1, replication_factor=1, replica_assignment=[], configs=[]), (topic='result', num_partitions=1, replication_factor=1, replica_assignment=[], configs=[])], timeout=30000, validate_only=False)' failed with response 'CreateTopicsResponse_v3(throttle_time_ms=0, topic_errors=[(topic='english_teacher', error_code=36, error_message="Topic 'english_teacher' already exists."), (topic='chinese_teacher', error_code=36, error_message="Topic 'chinese_teacher' already exists."), (topic='result', error_code=36, error_message="Topic 'result' already exists.")])'.
2025-07-27 15:30:21 - agentic_system - INFO - Started consumer for english_teacher on topic english_teacher
2025-07-27 15:30:21 - agentic_system - INFO - Started consumer for chinese_teacher on topic chinese_teacher
2025-07-27 15:30:21 - agentic_system - INFO - All agent consumers started
2025-07-27 15:30:21 - agentic_system - INFO - Kafka consumer created for topics: ['english_teacher']
2025-07-27 15:30:21 - agentic_system - INFO - Kafka consumer created for topics: ['chinese_teacher']
2025-07-27 15:30:21 - agentic_system - INFO - Consumer for english_teacher listening on english_teacher
2025-07-27 15:30:21 - agentic_system - INFO - Consumer for chinese_teacher listening on chinese_teacher
2025-07-27 15:30:24 - agentic_system - INFO - Starting student producer...
2025-07-27 15:30:24 - agentic_system - INFO - Student producer initialized: demo_student_001
2025-07-27 15:30:24 - agentic_system - INFO - Result listener started
2025-07-27 15:30:24 - agentic_system - INFO - Agentic Teaching System started successfully!
2025-07-27 15:30:24 - agentic_system - INFO - Kafka consumer created for topics: ['result']
2025-07-27 15:30:24 - agentic_system - INFO - Listening for results...
2025-07-27 15:30:29 - agentic_system - INFO - Ollama request completed: Input tokens: 212, Output tokens: 3, Response time: 5.36s
2025-07-27 15:30:29 - agentic_system - INFO - Dynamic assignment: 'What is the difference between 'their', 'there', a...' -> english_teacher
2025-07-27 15:30:29 - agentic_system - INFO - Kafka producer created successfully
2025-07-27 15:30:29 - agentic_system - INFO - Message sent to topic 'english_teacher': RecordMetadata(topic='english_teacher', partition=0, topic_partition=TopicPartition(topic='english_teacher', partition=0), offset=4, timestamp=1753630229631, log_start_offset=0, checksum=None, serialized_key_size=-1, serialized_value_size=202, serialized_header_size=-1)
2025-07-27 15:30:29 - agentic_system - INFO - Question sent to english_teacher: What is the difference between 'their', 'there', a...
2025-07-27 15:30:29 - agentic_system - INFO - english_teacher processing message #1
2025-07-27 15:30:29 - agentic_system - INFO - English teacher processing message: What is the difference between 'their', 'there', a...
2025-07-27 15:30:48 - agentic_system - WARNING - Kafka health check failed: KafkaAdminClient.describe_cluster() got an unexpected keyword argument 'timeout_ms'
2025-07-27 15:30:48 - agentic_system - INFO - Ollama request completed: Input tokens: 210, Output tokens: 71, Response time: 15.89s
2025-07-27 15:30:48 - agentic_system - INFO - Dynamic assignment: 'Can you explain the symbolism in Shakespeare's Mac...' -> english_teacher
2025-07-27 15:30:48 - agentic_system - INFO - Message sent to topic 'english_teacher': RecordMetadata(topic='english_teacher', partition=0, topic_partition=TopicPartition(topic='english_teacher', partition=0), offset=5, timestamp=1753630248520, log_start_offset=0, checksum=None, serialized_key_size=-1, serialized_value_size=194, serialized_header_size=-1)
2025-07-27 15:30:48 - agentic_system - INFO - Question sent to english_teacher: Can you explain the symbolism in Shakespeare's Mac...
2025-07-27 15:30:55 - agentic_system - INFO - Ollama request completed: Input tokens: 206, Output tokens: 3, Response time: 3.96s
2025-07-27 15:30:55 - agentic_system - INFO - Dynamic assignment: 'What does the Chinese phrase '塞翁失馬' mean?...' -> chinese_teacher
2025-07-27 15:30:55 - agentic_system - INFO - Message sent to topic 'chinese_teacher': RecordMetadata(topic='chinese_teacher', partition=0, topic_partition=TopicPartition(topic='chinese_teacher', partition=0), offset=2, timestamp=1753630255488, log_start_offset=0, checksum=None, serialized_key_size=-1, serialized_value_size=200, serialized_header_size=-1)
2025-07-27 15:30:55 - agentic_system - INFO - chinese_teacher processing message #1
2025-07-27 15:30:55 - agentic_system - INFO - Question sent to chinese_teacher: What does the Chinese phrase '塞翁失馬' mean?...
2025-07-27 15:30:55 - agentic_system - INFO - Chinese teacher processing message: What does the Chinese phrase '塞翁失馬' mean?...
2025-07-27 15:31:07 - agentic_system - INFO - Stopping Agentic Teaching System...
2025-07-27 15:31:08 - agentic_system - INFO - Result listener stopped
2025-07-27 15:31:12 - agentic_system - INFO - Ollama request completed: Input tokens: 321, Output tokens: 185, Response time: 43.21s
2025-07-27 15:31:12 - agentic_system - INFO - Cost logged: english_teacher request $0.000000, tokens: 0, time: 43.21s
2025-07-27 15:31:12 - agentic_system - INFO - Message sent to topic 'result': RecordMetadata(topic='result', partition=0, topic_partition=TopicPartition(topic='result', partition=0), offset=6, timestamp=1753630272950, log_start_offset=0, checksum=None, serialized_key_size=-1, serialized_value_size=1083, serialized_header_size=-1)
2025-07-27 15:31:12 - agentic_system - INFO - english_teacher completed processing message #1
2025-07-27 15:31:12 - agentic_system - INFO - Stopped consumer for english_teacher
2025-07-27 15:31:18 - agentic_system - INFO - Kafka admin client initialized successfully
2025-07-27 15:31:18 - agentic_system - INFO - Agent registered: english_teacher_001 -> english_teacher
2025-07-27 15:31:18 - agentic_system - INFO - Agent registered: chinese_teacher_001 -> chinese_teacher
2025-07-27 15:31:18 - agentic_system - INFO - Trying to validate gemini for dynamic_assign
2025-07-27 15:31:18 - agentic_system - INFO - Validation result for gemini: {'valid': False, 'error': 'GEMINI_API_KEY not found in environment variables', 'suggestion': 'Set GEMINI_API_KEY in your .env file'}
2025-07-27 15:31:18 - agentic_system - WARNING - gemini validation failed: GEMINI_API_KEY not found in environment variables
2025-07-27 15:31:18 - agentic_system - INFO - Trying to validate ollama for dynamic_assign
2025-07-27 15:31:18 - agentic_system - INFO - Attempting to connect to Ollama server at http://ollama:11434 (attempt 1/5)
2025-07-27 15:31:18 - agentic_system - WARNING - Model 'llama2' not found in Ollama. Available models: ['llama2:latest', 'llama3.1:8b']
2025-07-27 15:31:18 - agentic_system - INFO - Attempting to pull model 'llama2'...
2025-07-27 15:31:18 - agentic_system - INFO - Pulling model 'llama2' from Ollama...
2025-07-27 15:31:19 - agentic_system - INFO - Model 'llama2' pulled successfully
2025-07-27 15:31:19 - agentic_system - INFO - Ollama engine initialized with model: llama2
2025-07-27 15:31:19 - agentic_system - INFO - Validating Ollama server connection (attempt 1/3)
2025-07-27 15:31:19 - agentic_system - INFO - Ollama server validation successful
2025-07-27 15:31:19 - agentic_system - INFO - Validation result for ollama: {'valid': True, 'message': 'Ollama engine configuration is valid'}
2025-07-27 15:31:19 - agentic_system - INFO - Creating ollama engine for dynamic_assign
2025-07-27 15:31:19 - agentic_system - INFO - Attempting to connect to Ollama server at http://ollama:11434 (attempt 1/5)
2025-07-27 15:31:19 - agentic_system - WARNING - Model 'llama2' not found in Ollama. Available models: ['llama2:latest', 'llama3.1:8b']
2025-07-27 15:31:19 - agentic_system - INFO - Attempting to pull model 'llama2'...
2025-07-27 15:31:19 - agentic_system - INFO - Pulling model 'llama2' from Ollama...
2025-07-27 15:31:20 - agentic_system - INFO - Model 'llama2' pulled successfully
2025-07-27 15:31:20 - agentic_system - INFO - Ollama engine initialized with model: llama2
2025-07-27 15:31:20 - agentic_system - INFO - Created Ollama engine with model: llama2 at http://ollama:11434
2025-07-27 15:31:20 - agentic_system - INFO - Starting Agentic Teaching System...
2025-07-27 15:31:20 - agentic_system - INFO - Waiting for infrastructure services to be ready...
2025-07-27 15:31:30 - agentic_system - WARNING - Kafka health check failed: KafkaAdminClient.describe_cluster() got an unexpected keyword argument 'timeout_ms'
2025-07-27 15:31:30 - agentic_system - INFO - Health monitoring started
2025-07-27 15:31:30 - agentic_system - INFO - Initializing agents...
2025-07-27 15:31:30 - agentic_system - INFO - Trying to validate gemini for english_teacher
2025-07-27 15:31:30 - agentic_system - INFO - Validation result for gemini: {'valid': False, 'error': 'GEMINI_API_KEY not found in environment variables', 'suggestion': 'Set GEMINI_API_KEY in your .env file'}
2025-07-27 15:31:30 - agentic_system - WARNING - gemini validation failed: GEMINI_API_KEY not found in environment variables
2025-07-27 15:31:30 - agentic_system - INFO - Trying to validate ollama for english_teacher
2025-07-27 15:31:30 - agentic_system - INFO - Attempting to connect to Ollama server at http://ollama:11434 (attempt 1/5)
2025-07-27 15:31:30 - agentic_system - WARNING - Model 'llama2' not found in Ollama. Available models: ['llama2:latest', 'llama3.1:8b']
2025-07-27 15:31:30 - agentic_system - INFO - Attempting to pull model 'llama2'...
2025-07-27 15:31:30 - agentic_system - INFO - Pulling model 'llama2' from Ollama...
2025-07-27 15:31:30 - agentic_system - INFO - Model 'llama2' pulled successfully
2025-07-27 15:31:30 - agentic_system - INFO - Ollama engine initialized with model: llama2
2025-07-27 15:31:30 - agentic_system - INFO - Validating Ollama server connection (attempt 1/3)
2025-07-27 15:31:30 - agentic_system - INFO - Ollama server validation successful
2025-07-27 15:31:30 - agentic_system - INFO - Validation result for ollama: {'valid': True, 'message': 'Ollama engine configuration is valid'}
2025-07-27 15:31:30 - agentic_system - INFO - Creating ollama engine for english_teacher
2025-07-27 15:31:30 - agentic_system - INFO - Attempting to connect to Ollama server at http://ollama:11434 (attempt 1/5)
2025-07-27 15:31:30 - agentic_system - WARNING - Model 'llama2' not found in Ollama. Available models: ['llama2:latest', 'llama3.1:8b']
2025-07-27 15:31:30 - agentic_system - INFO - Attempting to pull model 'llama2'...
2025-07-27 15:31:30 - agentic_system - INFO - Pulling model 'llama2' from Ollama...
2025-07-27 15:31:31 - agentic_system - INFO - Model 'llama2' pulled successfully
2025-07-27 15:31:31 - agentic_system - INFO - Ollama engine initialized with model: llama2
2025-07-27 15:31:31 - agentic_system - INFO - Created Ollama engine with model: llama2 at http://ollama:11434
2025-07-27 15:31:31 - agentic_system - INFO - Agent initialized: english_teacher_001 (english_teacher)
2025-07-27 15:31:31 - agentic_system - INFO - Trying to validate gemini for chinese_teacher
2025-07-27 15:31:31 - agentic_system - INFO - Validation result for gemini: {'valid': False, 'error': 'GEMINI_API_KEY not found in environment variables', 'suggestion': 'Set GEMINI_API_KEY in your .env file'}
2025-07-27 15:31:31 - agentic_system - WARNING - gemini validation failed: GEMINI_API_KEY not found in environment variables
2025-07-27 15:31:31 - agentic_system - INFO - Trying to validate ollama for chinese_teacher
2025-07-27 15:31:31 - agentic_system - INFO - Attempting to connect to Ollama server at http://ollama:11434 (attempt 1/5)
2025-07-27 15:31:31 - agentic_system - WARNING - Model 'llama2' not found in Ollama. Available models: ['llama2:latest', 'llama3.1:8b']
2025-07-27 15:31:31 - agentic_system - INFO - Attempting to pull model 'llama2'...
2025-07-27 15:31:31 - agentic_system - INFO - Pulling model 'llama2' from Ollama...
2025-07-27 15:31:32 - agentic_system - INFO - Model 'llama2' pulled successfully
2025-07-27 15:31:32 - agentic_system - INFO - Ollama engine initialized with model: llama2
2025-07-27 15:31:32 - agentic_system - INFO - Validating Ollama server connection (attempt 1/3)
2025-07-27 15:31:32 - agentic_system - INFO - Ollama server validation successful
2025-07-27 15:31:32 - agentic_system - INFO - Validation result for ollama: {'valid': True, 'message': 'Ollama engine configuration is valid'}
2025-07-27 15:31:32 - agentic_system - INFO - Creating ollama engine for chinese_teacher
2025-07-27 15:31:32 - agentic_system - INFO - Attempting to connect to Ollama server at http://ollama:11434 (attempt 1/5)
2025-07-27 15:31:32 - agentic_system - WARNING - Model 'llama2' not found in Ollama. Available models: ['llama2:latest', 'llama3.1:8b']
2025-07-27 15:31:32 - agentic_system - INFO - Attempting to pull model 'llama2'...
2025-07-27 15:31:32 - agentic_system - INFO - Pulling model 'llama2' from Ollama...
2025-07-27 15:31:33 - agentic_system - INFO - Model 'llama2' pulled successfully
2025-07-27 15:31:33 - agentic_system - INFO - Ollama engine initialized with model: llama2
2025-07-27 15:31:33 - agentic_system - INFO - Created Ollama engine with model: llama2 at http://ollama:11434
2025-07-27 15:31:33 - agentic_system - INFO - Agent initialized: chinese_teacher_001 (chinese_teacher)
2025-07-27 15:31:33 - agentic_system - INFO - Registered consumer for english_teacher
2025-07-27 15:31:33 - agentic_system - INFO - Registered consumer for chinese_teacher
2025-07-27 15:31:33 - agentic_system - INFO - Initialized 2 agent consumers
2025-07-27 15:31:33 - agentic_system - INFO - Starting agent consumers...
2025-07-27 15:31:33 - agentic_system - ERROR - Failed to list topics: 'dict' object has no attribute 'topics'
2025-07-27 15:31:33 - agentic_system - ERROR - Failed to create topics: [Error 36] TopicAlreadyExistsError: Request 'CreateTopicsRequest_v3(create_topic_requests=[(topic='english_teacher', num_partitions=1, replication_factor=1, replica_assignment=[], configs=[]), (topic='chinese_teacher', num_partitions=1, replication_factor=1, replica_assignment=[], configs=[]), (topic='result', num_partitions=1, replication_factor=1, replica_assignment=[], configs=[])], timeout=30000, validate_only=False)' failed with response 'CreateTopicsResponse_v3(throttle_time_ms=0, topic_errors=[(topic='english_teacher', error_code=36, error_message="Topic 'english_teacher' already exists."), (topic='chinese_teacher', error_code=36, error_message="Topic 'chinese_teacher' already exists."), (topic='result', error_code=36, error_message="Topic 'result' already exists.")])'.
2025-07-27 15:31:33 - agentic_system - INFO - Started consumer for english_teacher on topic english_teacher
2025-07-27 15:31:33 - agentic_system - INFO - Started consumer for chinese_teacher on topic chinese_teacher
2025-07-27 15:31:33 - agentic_system - INFO - All agent consumers started
2025-07-27 15:31:33 - agentic_system - INFO - Kafka consumer created for topics: ['chinese_teacher']
2025-07-27 15:31:33 - agentic_system - INFO - Kafka consumer created for topics: ['english_teacher']
2025-07-27 15:31:33 - agentic_system - INFO - Consumer for chinese_teacher listening on chinese_teacher
2025-07-27 15:31:33 - agentic_system - INFO - Consumer for english_teacher listening on english_teacher
2025-07-27 15:31:33 - agentic_system - INFO - chinese_teacher processing message #1
2025-07-27 15:31:33 - agentic_system - INFO - Chinese teacher processing message: What does the Chinese phrase '塞翁失馬' mean?...
2025-07-27 15:31:33 - agentic_system - INFO - english_teacher processing message #1
2025-07-27 15:31:33 - agentic_system - INFO - English teacher processing message: Can you explain the symbolism in Shakespeare's Mac...
2025-07-27 15:31:36 - agentic_system - INFO - Starting student producer...
2025-07-27 15:31:36 - agentic_system - INFO - Student producer initialized: demo_student_001
2025-07-27 15:31:36 - agentic_system - INFO - Result listener started
2025-07-27 15:31:36 - agentic_system - INFO - Agentic Teaching System started successfully!
2025-07-27 15:31:36 - agentic_system - INFO - Kafka consumer created for topics: ['result']
2025-07-27 15:31:36 - agentic_system - INFO - Listening for results...
2025-07-27 15:31:38 - agentic_system - INFO - Stopping Agentic Teaching System...
2025-07-27 15:31:38 - agentic_system - INFO - Result listener stopped
2025-07-27 15:31:43 - agentic_system - INFO - Stopped consumer for english_teacher
2025-07-27 15:32:14 - agentic_system - INFO - Kafka admin client initialized successfully
2025-07-27 15:32:14 - agentic_system - INFO - Agent registered: english_teacher_001 -> english_teacher
2025-07-27 15:32:14 - agentic_system - INFO - Agent registered: chinese_teacher_001 -> chinese_teacher
2025-07-27 15:32:14 - agentic_system - INFO - Trying to validate gemini for dynamic_assign
2025-07-27 15:32:14 - agentic_system - INFO - Validation result for gemini: {'valid': False, 'error': 'GEMINI_API_KEY not found in environment variables', 'suggestion': 'Set GEMINI_API_KEY in your .env file'}
2025-07-27 15:32:14 - agentic_system - WARNING - gemini validation failed: GEMINI_API_KEY not found in environment variables
2025-07-27 15:32:14 - agentic_system - INFO - Trying to validate ollama for dynamic_assign
2025-07-27 15:32:14 - agentic_system - INFO - Attempting to connect to Ollama server at http://ollama:11434 (attempt 1/5)
2025-07-27 15:32:14 - agentic_system - INFO - Ollama engine initialized with model: llama3.1:8b
2025-07-27 15:32:14 - agentic_system - INFO - Validating Ollama server connection (attempt 1/3)
2025-07-27 15:32:14 - agentic_system - INFO - Ollama server validation successful
2025-07-27 15:32:14 - agentic_system - INFO - Validation result for ollama: {'valid': True, 'message': 'Ollama engine configuration is valid'}
2025-07-27 15:32:14 - agentic_system - INFO - Creating ollama engine for dynamic_assign
2025-07-27 15:32:14 - agentic_system - INFO - Attempting to connect to Ollama server at http://ollama:11434 (attempt 1/5)
2025-07-27 15:32:14 - agentic_system - INFO - Ollama engine initialized with model: llama3.1:8b
2025-07-27 15:32:14 - agentic_system - INFO - Created Ollama engine with model: llama3.1:8b at http://ollama:11434
2025-07-27 15:32:14 - agentic_system - INFO - Starting Agentic Teaching System...
2025-07-27 15:32:14 - agentic_system - INFO - Waiting for infrastructure services to be ready...
2025-07-27 15:32:24 - agentic_system - WARNING - Kafka health check failed: KafkaAdminClient.describe_cluster() got an unexpected keyword argument 'timeout_ms'
2025-07-27 15:32:24 - agentic_system - INFO - Health monitoring started
2025-07-27 15:32:24 - agentic_system - INFO - Initializing agents...
2025-07-27 15:32:24 - agentic_system - INFO - Trying to validate gemini for english_teacher
2025-07-27 15:32:24 - agentic_system - INFO - Validation result for gemini: {'valid': False, 'error': 'GEMINI_API_KEY not found in environment variables', 'suggestion': 'Set GEMINI_API_KEY in your .env file'}
2025-07-27 15:32:24 - agentic_system - WARNING - gemini validation failed: GEMINI_API_KEY not found in environment variables
2025-07-27 15:32:24 - agentic_system - INFO - Trying to validate ollama for english_teacher
2025-07-27 15:32:24 - agentic_system - INFO - Attempting to connect to Ollama server at http://ollama:11434 (attempt 1/5)
2025-07-27 15:32:24 - agentic_system - INFO - Ollama engine initialized with model: llama3.1:8b
2025-07-27 15:32:24 - agentic_system - INFO - Validating Ollama server connection (attempt 1/3)
2025-07-27 15:32:24 - agentic_system - INFO - Ollama server validation successful
2025-07-27 15:32:24 - agentic_system - INFO - Validation result for ollama: {'valid': True, 'message': 'Ollama engine configuration is valid'}
2025-07-27 15:32:24 - agentic_system - INFO - Creating ollama engine for english_teacher
2025-07-27 15:32:24 - agentic_system - INFO - Attempting to connect to Ollama server at http://ollama:11434 (attempt 1/5)
2025-07-27 15:32:24 - agentic_system - INFO - Ollama engine initialized with model: llama3.1:8b
2025-07-27 15:32:24 - agentic_system - INFO - Created Ollama engine with model: llama3.1:8b at http://ollama:11434
2025-07-27 15:32:24 - agentic_system - INFO - Agent initialized: english_teacher_001 (english_teacher)
2025-07-27 15:32:24 - agentic_system - INFO - Trying to validate gemini for chinese_teacher
2025-07-27 15:32:24 - agentic_system - INFO - Validation result for gemini: {'valid': False, 'error': 'GEMINI_API_KEY not found in environment variables', 'suggestion': 'Set GEMINI_API_KEY in your .env file'}
2025-07-27 15:32:24 - agentic_system - WARNING - gemini validation failed: GEMINI_API_KEY not found in environment variables
2025-07-27 15:32:24 - agentic_system - INFO - Trying to validate ollama for chinese_teacher
2025-07-27 15:32:24 - agentic_system - INFO - Attempting to connect to Ollama server at http://ollama:11434 (attempt 1/5)
2025-07-27 15:32:24 - agentic_system - INFO - Ollama engine initialized with model: llama3.1:8b
2025-07-27 15:32:24 - agentic_system - INFO - Validating Ollama server connection (attempt 1/3)
2025-07-27 15:32:24 - agentic_system - INFO - Ollama server validation successful
2025-07-27 15:32:24 - agentic_system - INFO - Validation result for ollama: {'valid': True, 'message': 'Ollama engine configuration is valid'}
2025-07-27 15:32:24 - agentic_system - INFO - Creating ollama engine for chinese_teacher
2025-07-27 15:32:24 - agentic_system - INFO - Attempting to connect to Ollama server at http://ollama:11434 (attempt 1/5)
2025-07-27 15:32:24 - agentic_system - INFO - Ollama engine initialized with model: llama3.1:8b
2025-07-27 15:32:24 - agentic_system - INFO - Created Ollama engine with model: llama3.1:8b at http://ollama:11434
2025-07-27 15:32:24 - agentic_system - INFO - Agent initialized: chinese_teacher_001 (chinese_teacher)
2025-07-27 15:32:24 - agentic_system - INFO - Registered consumer for english_teacher
2025-07-27 15:32:24 - agentic_system - INFO - Registered consumer for chinese_teacher
2025-07-27 15:32:24 - agentic_system - INFO - Initialized 2 agent consumers
2025-07-27 15:32:24 - agentic_system - INFO - Starting agent consumers...
2025-07-27 15:32:24 - agentic_system - ERROR - Failed to list topics: 'dict' object has no attribute 'topics'
2025-07-27 15:32:24 - agentic_system - ERROR - Failed to create topics: 'CreateTopicsResponse_v3' object has no attribute 'items'
2025-07-27 15:32:24 - agentic_system - INFO - Started consumer for english_teacher on topic english_teacher
2025-07-27 15:32:24 - agentic_system - INFO - Started consumer for chinese_teacher on topic chinese_teacher
2025-07-27 15:32:24 - agentic_system - INFO - All agent consumers started
2025-07-27 15:32:24 - agentic_system - INFO - Kafka consumer created for topics: ['chinese_teacher']
2025-07-27 15:32:24 - agentic_system - INFO - Kafka consumer created for topics: ['english_teacher']
2025-07-27 15:32:24 - agentic_system - INFO - Consumer for chinese_teacher listening on chinese_teacher
2025-07-27 15:32:24 - agentic_system - INFO - Consumer for english_teacher listening on english_teacher
2025-07-27 15:32:27 - agentic_system - INFO - Starting student producer...
2025-07-27 15:32:27 - agentic_system - INFO - Student producer initialized: demo_student_001
2025-07-27 15:32:27 - agentic_system - INFO - Result listener started
2025-07-27 15:32:27 - agentic_system - INFO - Agentic Teaching System started successfully!
2025-07-27 15:32:27 - agentic_system - INFO - Kafka consumer created for topics: ['result']
2025-07-27 15:32:27 - agentic_system - INFO - Listening for results...
2025-07-27 15:32:33 - agentic_system - INFO - Ollama request completed: Input tokens: 212, Output tokens: 3, Response time: 6.02s
2025-07-27 15:32:33 - agentic_system - INFO - Dynamic assignment: 'What is the difference between 'their', 'there', a...' -> english_teacher
2025-07-27 15:32:33 - agentic_system - INFO - Kafka producer created successfully
2025-07-27 15:32:33 - agentic_system - INFO - Message sent to topic 'english_teacher': RecordMetadata(topic='english_teacher', partition=0, topic_partition=TopicPartition(topic='english_teacher', partition=0), offset=0, timestamp=1753630353839, log_start_offset=0, checksum=None, serialized_key_size=-1, serialized_value_size=200, serialized_header_size=-1)
2025-07-27 15:32:33 - agentic_system - INFO - Question sent to english_teacher: What is the difference between 'their', 'there', a...
2025-07-27 15:32:33 - agentic_system - INFO - english_teacher processing message #1
2025-07-27 15:32:33 - agentic_system - INFO - English teacher processing message: What is the difference between 'their', 'there', a...
2025-07-27 15:32:37 - agentic_system - INFO - Trying to validate gemini for english_teacher
2025-07-27 15:32:37 - agentic_system - INFO - Validation result for gemini: {'valid': False, 'error': 'GEMINI_API_KEY not found in environment variables', 'suggestion': 'Set GEMINI_API_KEY in your .env file'}
2025-07-27 15:32:37 - agentic_system - WARNING - gemini validation failed: GEMINI_API_KEY not found in environment variables
2025-07-27 15:32:37 - agentic_system - INFO - Trying to validate ollama for english_teacher
2025-07-27 15:32:37 - agentic_system - INFO - Attempting to connect to Ollama server at http://ollama:11434 (attempt 1/5)
2025-07-27 15:32:37 - agentic_system - INFO - Ollama engine initialized with model: llama3.1:8b
2025-07-27 15:32:37 - agentic_system - INFO - Validating Ollama server connection (attempt 1/3)
2025-07-27 15:32:37 - agentic_system - INFO - Ollama server validation successful
2025-07-27 15:32:37 - agentic_system - INFO - Validation result for ollama: {'valid': True, 'message': 'Ollama engine configuration is valid'}
2025-07-27 15:32:37 - agentic_system - INFO - Creating ollama engine for english_teacher
2025-07-27 15:32:37 - agentic_system - INFO - Attempting to connect to Ollama server at http://ollama:11434 (attempt 1/5)
2025-07-27 15:32:37 - agentic_system - INFO - Ollama engine initialized with model: llama3.1:8b
2025-07-27 15:32:37 - agentic_system - INFO - Created Ollama engine with model: llama3.1:8b at http://ollama:11434
2025-07-27 15:32:42 - agentic_system - INFO - Ollama request completed: Input tokens: 210, Output tokens: 3, Response time: 5.62s
2025-07-27 15:32:42 - agentic_system - INFO - Dynamic assignment: 'Can you explain the symbolism in Shakespeare's Mac...' -> english_teacher
2025-07-27 15:32:42 - agentic_system - INFO - Message sent to topic 'english_teacher': RecordMetadata(topic='english_teacher', partition=0, topic_partition=TopicPartition(topic='english_teacher', partition=0), offset=1, timestamp=1753630362464, log_start_offset=0, checksum=None, serialized_key_size=-1, serialized_value_size=194, serialized_header_size=-1)
2025-07-27 15:32:42 - agentic_system - INFO - Question sent to english_teacher: Can you explain the symbolism in Shakespeare's Mac...
2025-07-27 15:32:48 - agentic_system - INFO - Ollama request completed: Input tokens: 206, Output tokens: 3, Response time: 2.54s
2025-07-27 15:32:48 - agentic_system - INFO - Dynamic assignment: 'What does the Chinese phrase '塞翁失馬' mean?...' -> chinese_teacher
2025-07-27 15:32:48 - agentic_system - INFO - Message sent to topic 'chinese_teacher': RecordMetadata(topic='chinese_teacher', partition=0, topic_partition=TopicPartition(topic='chinese_teacher', partition=0), offset=0, timestamp=1753630368015, log_start_offset=0, checksum=None, serialized_key_size=-1, serialized_value_size=200, serialized_header_size=-1)
2025-07-27 15:32:48 - agentic_system - INFO - Question sent to chinese_teacher: What does the Chinese phrase '塞翁失馬' mean?...
2025-07-27 15:32:48 - agentic_system - INFO - chinese_teacher processing message #1
2025-07-27 15:32:48 - agentic_system - INFO - Chinese teacher processing message: What does the Chinese phrase '塞翁失馬' mean?...
2025-07-27 15:32:54 - agentic_system - WARNING - Kafka health check failed: KafkaAdminClient.describe_cluster() got an unexpected keyword argument 'timeout_ms'
2025-07-27 15:33:13 - agentic_system - INFO - Trying to validate gemini for english_teacher
2025-07-27 15:33:13 - agentic_system - INFO - Validation result for gemini: {'valid': False, 'error': 'GEMINI_API_KEY not found in environment variables', 'suggestion': 'Set GEMINI_API_KEY in your .env file'}
2025-07-27 15:33:13 - agentic_system - WARNING - gemini validation failed: GEMINI_API_KEY not found in environment variables
2025-07-27 15:33:13 - agentic_system - INFO - Trying to validate ollama for english_teacher
2025-07-27 15:33:13 - agentic_system - INFO - Attempting to connect to Ollama server at http://ollama:11434 (attempt 1/5)
2025-07-27 15:33:13 - agentic_system - INFO - Ollama engine initialized with model: llama3.1:8b
2025-07-27 15:33:13 - agentic_system - INFO - Validating Ollama server connection (attempt 1/3)
2025-07-27 15:33:13 - agentic_system - INFO - Ollama server validation successful
2025-07-27 15:33:13 - agentic_system - INFO - Validation result for ollama: {'valid': True, 'message': 'Ollama engine configuration is valid'}
2025-07-27 15:33:13 - agentic_system - INFO - Creating ollama engine for english_teacher
2025-07-27 15:33:13 - agentic_system - INFO - Attempting to connect to Ollama server at http://ollama:11434 (attempt 1/5)
2025-07-27 15:33:13 - agentic_system - INFO - Ollama engine initialized with model: llama3.1:8b
2025-07-27 15:33:13 - agentic_system - INFO - Created Ollama engine with model: llama3.1:8b at http://ollama:11434
2025-07-27 15:33:14 - agentic_system - INFO - Ollama request completed: Input tokens: 388, Output tokens: 234, Response time: 26.16s
2025-07-27 15:33:14 - agentic_system - INFO - Message sent to topic 'result': RecordMetadata(topic='result', partition=0, topic_partition=TopicPartition(topic='result', partition=0), offset=0, timestamp=1753630394183, log_start_offset=0, checksum=None, serialized_key_size=-1, serialized_value_size=1217, serialized_header_size=-1)
2025-07-27 15:33:14 - agentic_system - INFO - Received response from chinese_teacher: A classic phrase! "塞翁失馬" is a well-known Chinese idiom that means "One who has never known the loss ...
2025-07-27 15:33:14 - agentic_system - INFO - chinese_teacher completed processing message #1
2025-07-27 15:33:17 - agentic_system - INFO - Ollama request completed: Input tokens: 207, Output tokens: 3, Response time: 26.94s
2025-07-27 15:33:17 - agentic_system - INFO - Dynamic assignment: 'How can I improve my English pronunciation?...' -> english_teacher
2025-07-27 15:33:17 - agentic_system - INFO - Message sent to topic 'english_teacher': RecordMetadata(topic='english_teacher', partition=0, topic_partition=TopicPartition(topic='english_teacher', partition=0), offset=2, timestamp=1753630397964, log_start_offset=0, checksum=None, serialized_key_size=-1, serialized_value_size=182, serialized_header_size=-1)
2025-07-27 15:33:17 - agentic_system - INFO - Question sent to english_teacher: How can I improve my English pronunciation?...
2025-07-27 15:33:19 - agentic_system - INFO - Ollama request completed: Input tokens: 7, Output tokens: 7, Response time: 5.35s
2025-07-27 15:33:24 - agentic_system - WARNING - Kafka health check failed: KafkaAdminClient.describe_cluster() got an unexpected keyword argument 'timeout_ms'
2025-07-27 15:33:25 - agentic_system - INFO - Ollama request completed: Input tokens: 204, Output tokens: 3, Response time: 4.10s
2025-07-27 15:33:25 - agentic_system - INFO - Dynamic assignment: 'Analyze the poem '靜夜思' by Li Bai...' -> chinese_teacher
2025-07-27 15:33:25 - agentic_system - INFO - Message sent to topic 'chinese_teacher': RecordMetadata(topic='chinese_teacher', partition=0, topic_partition=TopicPartition(topic='chinese_teacher', partition=0), offset=1, timestamp=1753630405071, log_start_offset=0, checksum=None, serialized_key_size=-1, serialized_value_size=186, serialized_header_size=-1)
2025-07-27 15:33:25 - agentic_system - INFO - chinese_teacher processing message #2
2025-07-27 15:33:25 - agentic_system - INFO - Question sent to chinese_teacher: Analyze the poem '靜夜思' by Li Bai...
2025-07-27 15:33:25 - agentic_system - INFO - Chinese teacher processing message: Analyze the poem '靜夜思' by Li Bai...
2025-07-27 15:33:33 - agentic_system - ERROR - Network error with Ollama: HTTPConnectionPool(host='ollama', port=11434): Read timed out. (read timeout=60)
2025-07-27 15:33:33 - agentic_system - INFO - Cost logged: english_teacher request $0.000000, tokens: 0, time: 60.05s
2025-07-27 15:33:33 - agentic_system - INFO - Message sent to topic 'result': RecordMetadata(topic='result', partition=0, topic_partition=TopicPartition(topic='result', partition=0), offset=1, timestamp=1753630413901, log_start_offset=0, checksum=None, serialized_key_size=-1, serialized_value_size=425, serialized_header_size=-1)
2025-07-27 15:33:33 - agentic_system - INFO - Received response from english_teacher: Error: Network issue connecting to Ollama - HTTPConnectionPool(host='ollama', port=11434): Read time...
2025-07-27 15:33:33 - agentic_system - INFO - english_teacher completed processing message #1
2025-07-27 15:33:33 - agentic_system - INFO - english_teacher processing message #2
2025-07-27 15:33:33 - agentic_system - INFO - English teacher processing message: Can you explain the symbolism in Shakespeare's Mac...
2025-07-27 15:33:38 - agentic_system - INFO - Ollama request completed: Input tokens: 210, Output tokens: 3, Response time: 9.94s
2025-07-27 15:33:38 - agentic_system - INFO - Dynamic assignment: 'What are some common English grammar mistakes to a...' -> english_teacher
2025-07-27 15:33:38 - agentic_system - INFO - Message sent to topic 'english_teacher': RecordMetadata(topic='english_teacher', partition=0, topic_partition=TopicPartition(topic='english_teacher', partition=0), offset=3, timestamp=1753630418013, log_start_offset=0, checksum=None, serialized_key_size=-1, serialized_value_size=194, serialized_header_size=-1)
2025-07-27 15:33:38 - agentic_system - INFO - Question sent to english_teacher: What are some common English grammar mistakes to a...
2025-07-27 15:33:54 - agentic_system - WARNING - Kafka health check failed: KafkaAdminClient.describe_cluster() got an unexpected keyword argument 'timeout_ms'
2025-07-27 15:34:24 - agentic_system - WARNING - Kafka health check failed: KafkaAdminClient.describe_cluster() got an unexpected keyword argument 'timeout_ms'
2025-07-27 15:34:25 - agentic_system - ERROR - Network error with Ollama: HTTPConnectionPool(host='ollama', port=11434): Read timed out. (read timeout=60)
2025-07-27 15:34:25 - agentic_system - INFO - Message sent to topic 'result': RecordMetadata(topic='result', partition=0, topic_partition=TopicPartition(topic='result', partition=0), offset=2, timestamp=1753630465128, log_start_offset=0, checksum=None, serialized_key_size=-1, serialized_value_size=336, serialized_header_size=-1)
2025-07-27 15:34:25 - agentic_system - INFO - Received response from chinese_teacher: Error: Network issue connecting to Ollama - HTTPConnectionPool(host='ollama', port=11434): Read time...
2025-07-27 15:34:25 - agentic_system - INFO - chinese_teacher completed processing message #2
2025-07-27 15:34:33 - agentic_system - ERROR - Network error with Ollama: HTTPConnectionPool(host='ollama', port=11434): Read timed out. (read timeout=60)
2025-07-27 15:34:33 - agentic_system - INFO - Cost logged: english_teacher request $0.000000, tokens: 0, time: 60.06s
2025-07-27 15:34:33 - agentic_system - INFO - Message sent to topic 'result': RecordMetadata(topic='result', partition=0, topic_partition=TopicPartition(topic='result', partition=0), offset=3, timestamp=1753630473968, log_start_offset=0, checksum=None, serialized_key_size=-1, serialized_value_size=426, serialized_header_size=-1)
2025-07-27 15:34:33 - agentic_system - INFO - english_teacher completed processing message #2
2025-07-27 15:34:33 - agentic_system - INFO - english_teacher processing message #3
2025-07-27 15:34:33 - agentic_system - INFO - English teacher processing message: How can I improve my English pronunciation?...
2025-07-27 15:34:33 - agentic_system - INFO - Received response from english_teacher: Error: Network issue connecting to Ollama - HTTPConnectionPool(host='ollama', port=11434): Read time...
2025-07-27 15:34:54 - agentic_system - WARNING - Kafka health check failed: KafkaAdminClient.describe_cluster() got an unexpected keyword argument 'timeout_ms'
2025-07-27 15:35:11 - agentic_system - INFO - Ollama request completed: Input tokens: 316, Output tokens: 518, Response time: 37.87s
2025-07-27 15:35:11 - agentic_system - INFO - Cost logged: english_teacher request $0.000000, tokens: 0, time: 37.87s
2025-07-27 15:35:11 - agentic_system - INFO - Message sent to topic 'result': RecordMetadata(topic='result', partition=0, topic_partition=TopicPartition(topic='result', partition=0), offset=4, timestamp=1753630511843, log_start_offset=0, checksum=None, serialized_key_size=-1, serialized_value_size=2421, serialized_header_size=-1)
2025-07-27 15:35:11 - agentic_system - INFO - english_teacher completed processing message #3
2025-07-27 15:35:11 - agentic_system - INFO - Received response from english_teacher: Improving your English pronunciation can be achieved through consistent practice and dedication. Let...
2025-07-27 15:35:11 - agentic_system - INFO - english_teacher processing message #4
2025-07-27 15:35:11 - agentic_system - INFO - English teacher processing message: What are some common English grammar mistakes to a...
2025-07-27 15:35:24 - agentic_system - WARNING - Kafka health check failed: KafkaAdminClient.describe_cluster() got an unexpected keyword argument 'timeout_ms'
2025-07-27 15:35:54 - agentic_system - WARNING - Kafka health check failed: KafkaAdminClient.describe_cluster() got an unexpected keyword argument 'timeout_ms'
2025-07-27 15:36:00 - agentic_system - INFO - Ollama request completed: Input tokens: 319, Output tokens: 628, Response time: 48.40s
2025-07-27 15:36:00 - agentic_system - INFO - Cost logged: english_teacher request $0.000000, tokens: 0, time: 48.40s
2025-07-27 15:36:00 - agentic_system - INFO - Message sent to topic 'result': RecordMetadata(topic='result', partition=0, topic_partition=TopicPartition(topic='result', partition=0), offset=5, timestamp=1753630560246, log_start_offset=0, checksum=None, serialized_key_size=-1, serialized_value_size=2879, serialized_header_size=-1)
2025-07-27 15:36:00 - agentic_system - INFO - english_teacher completed processing message #4
2025-07-27 15:36:00 - agentic_system - INFO - Received response from english_teacher: As an experienced English language teacher, I'm happy to help you with common English grammar mistak...
2025-07-27 15:36:24 - agentic_system - WARNING - Kafka health check failed: KafkaAdminClient.describe_cluster() got an unexpected keyword argument 'timeout_ms'
2025-07-27 15:36:54 - agentic_system - WARNING - Kafka health check failed: KafkaAdminClient.describe_cluster() got an unexpected keyword argument 'timeout_ms'
2025-07-27 15:37:01 - agentic_system - INFO - Trying to validate gemini for english_teacher
2025-07-27 15:37:01 - agentic_system - INFO - Validation result for gemini: {'valid': False, 'error': 'GEMINI_API_KEY not found in environment variables', 'suggestion': 'Set GEMINI_API_KEY in your .env file'}
2025-07-27 15:37:01 - agentic_system - WARNING - gemini validation failed: GEMINI_API_KEY not found in environment variables
2025-07-27 15:37:01 - agentic_system - INFO - Trying to validate ollama for english_teacher
2025-07-27 15:37:01 - agentic_system - INFO - Attempting to connect to Ollama server at http://ollama:11434 (attempt 1/5)
2025-07-27 15:37:01 - agentic_system - INFO - Ollama engine initialized with model: llama3.1:8b
2025-07-27 15:37:01 - agentic_system - INFO - Validating Ollama server connection (attempt 1/3)
2025-07-27 15:37:01 - agentic_system - INFO - Ollama server validation successful
2025-07-27 15:37:01 - agentic_system - INFO - Validation result for ollama: {'valid': True, 'message': 'Ollama engine configuration is valid'}
2025-07-27 15:37:01 - agentic_system - INFO - Creating ollama engine for english_teacher
2025-07-27 15:37:01 - agentic_system - INFO - Attempting to connect to Ollama server at http://ollama:11434 (attempt 1/5)
2025-07-27 15:37:01 - agentic_system - INFO - Ollama engine initialized with model: llama3.1:8b
2025-07-27 15:37:01 - agentic_system - INFO - Created Ollama engine with model: llama3.1:8b at http://ollama:11434
2025-07-27 15:37:04 - agentic_system - INFO - Ollama request completed: Input tokens: 73, Output tokens: 20, Response time: 2.79s
2025-07-27 15:37:08 - agentic_system - INFO - Ollama request completed: Input tokens: 119, Output tokens: 25, Response time: 4.27s
2025-07-27 15:37:16 - agentic_system - INFO - Ollama request completed: Input tokens: 118, Output tokens: 86, Response time: 7.36s
2025-07-27 15:37:24 - agentic_system - WARNING - Kafka health check failed: KafkaAdminClient.describe_cluster() got an unexpected keyword argument 'timeout_ms'
2025-07-27 15:37:25 - agentic_system - INFO - Ollama request completed: Input tokens: 136, Output tokens: 86, Response time: 8.90s
2025-07-27 15:37:27 - agentic_system - INFO - Trying to validate gemini for english_teacher
2025-07-27 15:37:27 - agentic_system - INFO - Validation result for gemini: {'valid': False, 'error': 'GEMINI_API_KEY not found in environment variables', 'suggestion': 'Set GEMINI_API_KEY in your .env file'}
2025-07-27 15:37:27 - agentic_system - WARNING - gemini validation failed: GEMINI_API_KEY not found in environment variables
2025-07-27 15:37:27 - agentic_system - INFO - Trying to validate ollama for english_teacher
2025-07-27 15:37:27 - agentic_system - INFO - Attempting to connect to Ollama server at http://ollama:11434 (attempt 1/5)
2025-07-27 15:37:27 - agentic_system - INFO - Ollama engine initialized with model: llama3.1:8b
2025-07-27 15:37:27 - agentic_system - INFO - Validating Ollama server connection (attempt 1/3)
2025-07-27 15:37:27 - agentic_system - INFO - Ollama server validation successful
2025-07-27 15:37:27 - agentic_system - INFO - Validation result for ollama: {'valid': True, 'message': 'Ollama engine configuration is valid'}
2025-07-27 15:37:27 - agentic_system - INFO - Creating ollama engine for english_teacher
2025-07-27 15:37:27 - agentic_system - INFO - Attempting to connect to Ollama server at http://ollama:11434 (attempt 1/5)
2025-07-27 15:37:27 - agentic_system - INFO - Ollama engine initialized with model: llama3.1:8b
2025-07-27 15:37:27 - agentic_system - INFO - Created Ollama engine with model: llama3.1:8b at http://ollama:11434
2025-07-27 15:37:29 - agentic_system - INFO - Ollama request completed: Input tokens: 73, Output tokens: 23, Response time: 1.75s
2025-07-27 15:37:33 - agentic_system - INFO - Ollama request completed: Input tokens: 119, Output tokens: 32, Response time: 4.22s
2025-07-27 15:37:40 - agentic_system - INFO - Ollama request completed: Input tokens: 118, Output tokens: 72, Response time: 7.07s
2025-07-27 15:37:54 - agentic_system - WARNING - Kafka health check failed: KafkaAdminClient.describe_cluster() got an unexpected keyword argument 'timeout_ms'
2025-07-27 15:38:01 - agentic_system - INFO - Ollama request completed: Input tokens: 136, Output tokens: 297, Response time: 21.33s
2025-07-27 15:38:24 - agentic_system - WARNING - Kafka health check failed: KafkaAdminClient.describe_cluster() got an unexpected keyword argument 'timeout_ms'
2025-07-27 15:38:54 - agentic_system - WARNING - Kafka health check failed: KafkaAdminClient.describe_cluster() got an unexpected keyword argument 'timeout_ms'
2025-07-27 15:39:24 - agentic_system - WARNING - Kafka health check failed: KafkaAdminClient.describe_cluster() got an unexpected keyword argument 'timeout_ms'
2025-07-27 15:39:54 - agentic_system - WARNING - Kafka health check failed: KafkaAdminClient.describe_cluster() got an unexpected keyword argument 'timeout_ms'
2025-07-27 15:40:24 - agentic_system - WARNING - Kafka health check failed: KafkaAdminClient.describe_cluster() got an unexpected keyword argument 'timeout_ms'
2025-07-27 15:40:54 - agentic_system - WARNING - Kafka health check failed: KafkaAdminClient.describe_cluster() got an unexpected keyword argument 'timeout_ms'
2025-07-27 15:41:24 - agentic_system - WARNING - Kafka health check failed: KafkaAdminClient.describe_cluster() got an unexpected keyword argument 'timeout_ms'
2025-07-27 15:41:54 - agentic_system - WARNING - Kafka health check failed: KafkaAdminClient.describe_cluster() got an unexpected keyword argument 'timeout_ms'
2025-07-27 15:42:24 - agentic_system - WARNING - Kafka health check failed: KafkaAdminClient.describe_cluster() got an unexpected keyword argument 'timeout_ms'
2025-07-27 15:42:54 - agentic_system - WARNING - Kafka health check failed: KafkaAdminClient.describe_cluster() got an unexpected keyword argument 'timeout_ms'
2025-07-27 15:43:24 - agentic_system - WARNING - Kafka health check failed: KafkaAdminClient.describe_cluster() got an unexpected keyword argument 'timeout_ms'
2025-07-27 15:43:31 - agentic_system - INFO - Stopping Agentic Teaching System...
2025-07-27 15:43:31 - agentic_system - INFO - Result listener stopped
2025-07-27 15:43:32 - agentic_system - INFO - Stopped consumer for english_teacher
2025-07-27 15:43:32 - agentic_system - INFO - Stopped consumer for chinese_teacher
2025-07-27 15:43:32 - agentic_system - INFO - All agent consumers stopped
2025-07-27 15:43:37 - agentic_system - INFO - Health monitoring stopped
2025-07-27 15:43:37 - agentic_system - INFO - Agentic Teaching System stopped
2025-07-27 15:43:59 - agentic_system - INFO - Kafka admin client initialized successfully
2025-07-27 15:43:59 - agentic_system - INFO - Agent registered: english_teacher_001 -> english_teacher
2025-07-27 15:43:59 - agentic_system - INFO - Agent registered: chinese_teacher_001 -> chinese_teacher
2025-07-27 15:43:59 - agentic_system - INFO - Trying to validate gemini for dynamic_assign
2025-07-27 15:43:59 - agentic_system - INFO - Validation result for gemini: {'valid': False, 'error': 'GEMINI_API_KEY not found in environment variables', 'suggestion': 'Set GEMINI_API_KEY in your .env file'}
2025-07-27 15:43:59 - agentic_system - WARNING - gemini validation failed: GEMINI_API_KEY not found in environment variables
2025-07-27 15:43:59 - agentic_system - INFO - Trying to validate ollama for dynamic_assign
2025-07-27 15:43:59 - agentic_system - INFO - Attempting to connect to Ollama server at http://ollama:11434 (attempt 1/5)
2025-07-27 15:43:59 - agentic_system - INFO - Ollama engine initialized with model: llama3.1:8b
2025-07-27 15:43:59 - agentic_system - INFO - Validating Ollama server connection (attempt 1/3)
2025-07-27 15:43:59 - agentic_system - INFO - Ollama server validation successful
2025-07-27 15:43:59 - agentic_system - INFO - Validation result for ollama: {'valid': True, 'message': 'Ollama engine configuration is valid'}
2025-07-27 15:43:59 - agentic_system - INFO - Creating ollama engine for dynamic_assign
2025-07-27 15:43:59 - agentic_system - INFO - Attempting to connect to Ollama server at http://ollama:11434 (attempt 1/5)
2025-07-27 15:43:59 - agentic_system - INFO - Ollama engine initialized with model: llama3.1:8b
2025-07-27 15:43:59 - agentic_system - INFO - Created Ollama engine with model: llama3.1:8b at http://ollama:11434
2025-07-27 15:43:59 - agentic_system - INFO - Starting Agentic Teaching System...
2025-07-27 15:43:59 - agentic_system - INFO - Waiting for infrastructure services to be ready...
2025-07-27 15:44:09 - agentic_system - WARNING - Kafka health check failed: KafkaAdminClient.describe_cluster() got an unexpected keyword argument 'timeout_ms'
2025-07-27 15:44:09 - agentic_system - INFO - Health monitoring started
2025-07-27 15:44:09 - agentic_system - INFO - Initializing agents...
2025-07-27 15:44:09 - agentic_system - INFO - Trying to validate gemini for english_teacher
2025-07-27 15:44:09 - agentic_system - INFO - Validation result for gemini: {'valid': False, 'error': 'GEMINI_API_KEY not found in environment variables', 'suggestion': 'Set GEMINI_API_KEY in your .env file'}
2025-07-27 15:44:09 - agentic_system - WARNING - gemini validation failed: GEMINI_API_KEY not found in environment variables
2025-07-27 15:44:09 - agentic_system - INFO - Trying to validate ollama for english_teacher
2025-07-27 15:44:09 - agentic_system - INFO - Attempting to connect to Ollama server at http://ollama:11434 (attempt 1/5)
2025-07-27 15:44:09 - agentic_system - INFO - Ollama engine initialized with model: llama3.1:8b
2025-07-27 15:44:09 - agentic_system - INFO - Validating Ollama server connection (attempt 1/3)
2025-07-27 15:44:09 - agentic_system - INFO - Ollama server validation successful
2025-07-27 15:44:09 - agentic_system - INFO - Validation result for ollama: {'valid': True, 'message': 'Ollama engine configuration is valid'}
2025-07-27 15:44:09 - agentic_system - INFO - Creating ollama engine for english_teacher
2025-07-27 15:44:09 - agentic_system - INFO - Attempting to connect to Ollama server at http://ollama:11434 (attempt 1/5)
2025-07-27 15:44:09 - agentic_system - INFO - Ollama engine initialized with model: llama3.1:8b
2025-07-27 15:44:09 - agentic_system - INFO - Created Ollama engine with model: llama3.1:8b at http://ollama:11434
2025-07-27 15:44:09 - agentic_system - INFO - Agent initialized: english_teacher_001 (english_teacher)
2025-07-27 15:44:09 - agentic_system - INFO - Trying to validate gemini for chinese_teacher
2025-07-27 15:44:09 - agentic_system - INFO - Validation result for gemini: {'valid': False, 'error': 'GEMINI_API_KEY not found in environment variables', 'suggestion': 'Set GEMINI_API_KEY in your .env file'}
2025-07-27 15:44:09 - agentic_system - WARNING - gemini validation failed: GEMINI_API_KEY not found in environment variables
2025-07-27 15:44:09 - agentic_system - INFO - Trying to validate ollama for chinese_teacher
2025-07-27 15:44:09 - agentic_system - INFO - Attempting to connect to Ollama server at http://ollama:11434 (attempt 1/5)
2025-07-27 15:44:09 - agentic_system - INFO - Ollama engine initialized with model: llama3.1:8b
2025-07-27 15:44:09 - agentic_system - INFO - Validating Ollama server connection (attempt 1/3)
2025-07-27 15:44:09 - agentic_system - INFO - Ollama server validation successful
2025-07-27 15:44:09 - agentic_system - INFO - Validation result for ollama: {'valid': True, 'message': 'Ollama engine configuration is valid'}
2025-07-27 15:44:09 - agentic_system - INFO - Creating ollama engine for chinese_teacher
2025-07-27 15:44:09 - agentic_system - INFO - Attempting to connect to Ollama server at http://ollama:11434 (attempt 1/5)
2025-07-27 15:44:09 - agentic_system - INFO - Ollama engine initialized with model: llama3.1:8b
2025-07-27 15:44:09 - agentic_system - INFO - Created Ollama engine with model: llama3.1:8b at http://ollama:11434
2025-07-27 15:44:09 - agentic_system - INFO - Agent initialized: chinese_teacher_001 (chinese_teacher)
2025-07-27 15:44:09 - agentic_system - INFO - Registered consumer for english_teacher
2025-07-27 15:44:09 - agentic_system - INFO - Registered consumer for chinese_teacher
2025-07-27 15:44:09 - agentic_system - INFO - Initialized 2 agent consumers
2025-07-27 15:44:09 - agentic_system - INFO - Starting agent consumers...
2025-07-27 15:44:09 - agentic_system - ERROR - Failed to list topics: 'dict' object has no attribute 'topics'
2025-07-27 15:44:09 - agentic_system - ERROR - Failed to create topics: 'CreateTopicsResponse_v3' object has no attribute 'items'
2025-07-27 15:44:09 - agentic_system - INFO - Started consumer for english_teacher on topic english_teacher
2025-07-27 15:44:09 - agentic_system - INFO - Started consumer for chinese_teacher on topic chinese_teacher
2025-07-27 15:44:09 - agentic_system - INFO - All agent consumers started
2025-07-27 15:44:09 - agentic_system - INFO - Kafka consumer created for topics: ['english_teacher']
2025-07-27 15:44:09 - agentic_system - INFO - Kafka consumer created for topics: ['chinese_teacher']
2025-07-27 15:44:09 - agentic_system - INFO - Consumer for english_teacher listening on english_teacher
2025-07-27 15:44:09 - agentic_system - INFO - Consumer for chinese_teacher listening on chinese_teacher
2025-07-27 15:44:12 - agentic_system - INFO - Starting student producer...
2025-07-27 15:44:12 - agentic_system - INFO - Student producer initialized: demo_student_001
2025-07-27 15:44:12 - agentic_system - INFO - Result listener started
2025-07-27 15:44:12 - agentic_system - INFO - Agentic Teaching System started successfully!
2025-07-27 15:44:12 - agentic_system - INFO - Kafka consumer created for topics: ['result']
2025-07-27 15:44:12 - agentic_system - INFO - Listening for results...
2025-07-27 15:44:19 - agentic_system - INFO - Ollama request completed: Input tokens: 212, Output tokens: 3, Response time: 6.18s
2025-07-27 15:44:19 - agentic_system - INFO - Dynamic assignment: 'What is the difference between 'their', 'there', a...' -> english_teacher
2025-07-27 15:44:19 - agentic_system - INFO - Kafka producer created successfully
2025-07-27 15:44:19 - agentic_system - INFO - Message sent to topic 'english_teacher': RecordMetadata(topic='english_teacher', partition=0, topic_partition=TopicPartition(topic='english_teacher', partition=0), offset=0, timestamp=1753631059149, log_start_offset=0, checksum=None, serialized_key_size=-1, serialized_value_size=202, serialized_header_size=-1)
2025-07-27 15:44:19 - agentic_system - INFO - Question sent to english_teacher: What is the difference between 'their', 'there', a...
2025-07-27 15:44:19 - agentic_system - INFO - english_teacher processing message #1
2025-07-27 15:44:19 - agentic_system - INFO - English teacher processing message: What is the difference between 'their', 'there', a...
2025-07-27 15:44:27 - agentic_system - INFO - Ollama request completed: Input tokens: 210, Output tokens: 3, Response time: 5.54s
2025-07-27 15:44:27 - agentic_system - INFO - Dynamic assignment: 'Can you explain the symbolism in Shakespeare's Mac...' -> english_teacher
2025-07-27 15:44:27 - agentic_system - INFO - Message sent to topic 'english_teacher': RecordMetadata(topic='english_teacher', partition=0, topic_partition=TopicPartition(topic='english_teacher', partition=0), offset=1, timestamp=1753631067698, log_start_offset=0, checksum=None, serialized_key_size=-1, serialized_value_size=193, serialized_header_size=-1)
2025-07-27 15:44:27 - agentic_system - INFO - Question sent to english_teacher: Can you explain the symbolism in Shakespeare's Mac...
2025-07-27 15:44:33 - agentic_system - INFO - Ollama request completed: Input tokens: 206, Output tokens: 3, Response time: 2.56s
2025-07-27 15:44:33 - agentic_system - INFO - Dynamic assignment: 'What does the Chinese phrase '塞翁失馬' mean?...' -> chinese_teacher
2025-07-27 15:44:33 - agentic_system - INFO - Message sent to topic 'chinese_teacher': RecordMetadata(topic='chinese_teacher', partition=0, topic_partition=TopicPartition(topic='chinese_teacher', partition=0), offset=0, timestamp=1753631073266, log_start_offset=0, checksum=None, serialized_key_size=-1, serialized_value_size=200, serialized_header_size=-1)
2025-07-27 15:44:33 - agentic_system - INFO - Question sent to chinese_teacher: What does the Chinese phrase '塞翁失馬' mean?...
2025-07-27 15:44:33 - agentic_system - INFO - chinese_teacher processing message #1
2025-07-27 15:44:33 - agentic_system - INFO - Chinese teacher processing message: What does the Chinese phrase '塞翁失馬' mean?...
2025-07-27 15:44:39 - agentic_system - WARNING - Kafka health check failed: KafkaAdminClient.describe_cluster() got an unexpected keyword argument 'timeout_ms'
2025-07-27 15:45:07 - agentic_system - INFO - Ollama request completed: Input tokens: 388, Output tokens: 304, Response time: 34.44s
2025-07-27 15:45:07 - agentic_system - INFO - Message sent to topic 'result': RecordMetadata(topic='result', partition=0, topic_partition=TopicPartition(topic='result', partition=0), offset=0, timestamp=1753631107724, log_start_offset=0, checksum=None, serialized_key_size=-1, serialized_value_size=1553, serialized_header_size=-1)
2025-07-27 15:45:07 - agentic_system - INFO - Received response from chinese_teacher: "Ahah, an excellent question! The Chinese phrase '塞翁失馬' is actually the title of a famous ancient Ch...
2025-07-27 15:45:07 - agentic_system - INFO - chinese_teacher completed processing message #1
2025-07-27 15:45:09 - agentic_system - WARNING - Kafka health check failed: KafkaAdminClient.describe_cluster() got an unexpected keyword argument 'timeout_ms'
2025-07-27 15:45:11 - agentic_system - INFO - Ollama request completed: Input tokens: 207, Output tokens: 3, Response time: 35.34s
2025-07-27 15:45:11 - agentic_system - INFO - Dynamic assignment: 'How can I improve my English pronunciation?...' -> english_teacher
2025-07-27 15:45:11 - agentic_system - INFO - Message sent to topic 'english_teacher': RecordMetadata(topic='english_teacher', partition=0, topic_partition=TopicPartition(topic='english_teacher', partition=0), offset=2, timestamp=1753631111617, log_start_offset=0, checksum=None, serialized_key_size=-1, serialized_value_size=181, serialized_header_size=-1)
2025-07-27 15:45:11 - agentic_system - INFO - Question sent to english_teacher: How can I improve my English pronunciation?...
2025-07-27 15:45:17 - agentic_system - INFO - Ollama request completed: Input tokens: 204, Output tokens: 3, Response time: 2.78s
2025-07-27 15:45:17 - agentic_system - INFO - Dynamic assignment: 'Analyze the poem '靜夜思' by Li Bai...' -> chinese_teacher
2025-07-27 15:45:17 - agentic_system - INFO - Message sent to topic 'chinese_teacher': RecordMetadata(topic='chinese_teacher', partition=0, topic_partition=TopicPartition(topic='chinese_teacher', partition=0), offset=1, timestamp=1753631117400, log_start_offset=0, checksum=None, serialized_key_size=-1, serialized_value_size=186, serialized_header_size=-1)
2025-07-27 15:45:17 - agentic_system - INFO - Question sent to chinese_teacher: Analyze the poem '靜夜思' by Li Bai...
2025-07-27 15:45:17 - agentic_system - INFO - chinese_teacher processing message #2
2025-07-27 15:45:17 - agentic_system - INFO - Chinese teacher processing message: Analyze the poem '靜夜思' by Li Bai...
2025-07-27 15:45:19 - agentic_system - ERROR - Network error with Ollama: HTTPConnectionPool(host='ollama', port=11434): Read timed out. (read timeout=60)
2025-07-27 15:45:19 - agentic_system - INFO - Cost logged: english_teacher request $0.000000, tokens: 0, time: 60.06s
2025-07-27 15:45:19 - agentic_system - INFO - Message sent to topic 'result': RecordMetadata(topic='result', partition=0, topic_partition=TopicPartition(topic='result', partition=0), offset=1, timestamp=1753631119219, log_start_offset=0, checksum=None, serialized_key_size=-1, serialized_value_size=426, serialized_header_size=-1)
2025-07-27 15:45:19 - agentic_system - INFO - english_teacher completed processing message #1
2025-07-27 15:45:19 - agentic_system - INFO - Received response from english_teacher: Error: Network issue connecting to Ollama - HTTPConnectionPool(host='ollama', port=11434): Read time...
2025-07-27 15:45:19 - agentic_system - INFO - english_teacher processing message #2
2025-07-27 15:45:19 - agentic_system - INFO - English teacher processing message: Can you explain the symbolism in Shakespeare's Mac...
2025-07-27 15:45:39 - agentic_system - WARNING - Kafka health check failed: KafkaAdminClient.describe_cluster() got an unexpected keyword argument 'timeout_ms'
2025-07-27 15:45:42 - agentic_system - INFO - Stopping Agentic Teaching System...
2025-07-27 15:45:43 - agentic_system - INFO - Result listener stopped
2025-07-27 15:45:48 - agentic_system - INFO - Stopped consumer for english_teacher
2025-07-27 15:46:19 - agentic_system - INFO - Kafka admin client initialized successfully
2025-07-27 15:46:19 - agentic_system - INFO - Agent registered: english_teacher_001 -> english_teacher
2025-07-27 15:46:19 - agentic_system - INFO - Agent registered: chinese_teacher_001 -> chinese_teacher
2025-07-27 15:46:20 - agentic_system - INFO - Kafka admin client initialized successfully
2025-07-27 15:46:20 - agentic_system - INFO - Agent registered: english_teacher_001 -> english_teacher
2025-07-27 15:46:20 - agentic_system - INFO - Agent registered: chinese_teacher_001 -> chinese_teacher
2025-07-27 15:46:21 - agentic_system - INFO - Kafka admin client initialized successfully
2025-07-27 15:46:21 - agentic_system - INFO - Agent registered: english_teacher_001 -> english_teacher
2025-07-27 15:46:21 - agentic_system - INFO - Agent registered: chinese_teacher_001 -> chinese_teacher
2025-07-27 15:46:22 - agentic_system - INFO - Kafka admin client initialized successfully
2025-07-27 15:46:22 - agentic_system - INFO - Agent registered: english_teacher_001 -> english_teacher
2025-07-27 15:46:22 - agentic_system - INFO - Agent registered: chinese_teacher_001 -> chinese_teacher
2025-07-27 15:46:24 - agentic_system - INFO - Kafka admin client initialized successfully
2025-07-27 15:46:24 - agentic_system - INFO - Agent registered: english_teacher_001 -> english_teacher
2025-07-27 15:46:24 - agentic_system - INFO - Agent registered: chinese_teacher_001 -> chinese_teacher
2025-07-27 15:46:26 - agentic_system - INFO - Kafka admin client initialized successfully
2025-07-27 15:46:26 - agentic_system - INFO - Agent registered: english_teacher_001 -> english_teacher
2025-07-27 15:46:26 - agentic_system - INFO - Agent registered: chinese_teacher_001 -> chinese_teacher
2025-07-27 15:46:30 - agentic_system - INFO - Kafka admin client initialized successfully
2025-07-27 15:46:30 - agentic_system - INFO - Agent registered: english_teacher_001 -> english_teacher
2025-07-27 15:46:30 - agentic_system - INFO - Agent registered: chinese_teacher_001 -> chinese_teacher
2025-07-27 15:46:37 - agentic_system - INFO - Kafka admin client initialized successfully
2025-07-27 15:46:37 - agentic_system - INFO - Agent registered: english_teacher_001 -> english_teacher
2025-07-27 15:46:37 - agentic_system - INFO - Agent registered: chinese_teacher_001 -> chinese_teacher
2025-07-27 15:46:50 - agentic_system - INFO - Kafka admin client initialized successfully
2025-07-27 15:46:50 - agentic_system - INFO - Agent registered: english_teacher_001 -> english_teacher
2025-07-27 15:46:50 - agentic_system - INFO - Agent registered: chinese_teacher_001 -> chinese_teacher
2025-07-27 15:47:17 - agentic_system - INFO - Kafka admin client initialized successfully
2025-07-27 15:47:17 - agentic_system - INFO - Agent registered: english_teacher_001 -> english_teacher
2025-07-27 15:47:17 - agentic_system - INFO - Agent registered: chinese_teacher_001 -> chinese_teacher
2025-07-27 15:47:57 - agentic_system - INFO - Kafka admin client initialized successfully
2025-07-27 15:47:57 - agentic_system - INFO - Agent registered: english_teacher_001 -> english_teacher
2025-07-27 15:47:57 - agentic_system - INFO - Agent registered: chinese_teacher_001 -> chinese_teacher
2025-07-27 15:47:57 - agentic_system - INFO - Trying to validate gemini for dynamic_assign
2025-07-27 15:47:57 - agentic_system - INFO - Validation result for gemini: {'valid': False, 'error': 'GEMINI_API_KEY not found in environment variables', 'suggestion': 'Set GEMINI_API_KEY in your .env file'}
2025-07-27 15:47:57 - agentic_system - WARNING - gemini validation failed: GEMINI_API_KEY not found in environment variables
2025-07-27 15:47:57 - agentic_system - INFO - Trying to validate ollama for dynamic_assign
2025-07-27 15:47:57 - agentic_system - INFO - Attempting to connect to Ollama server at http://ollama:11434 (attempt 1/5)
2025-07-27 15:47:57 - agentic_system - INFO - Ollama engine initialized with model: llama3.1:8b
2025-07-27 15:47:57 - agentic_system - INFO - Validating Ollama server connection (attempt 1/3)
2025-07-27 15:47:57 - agentic_system - INFO - Ollama server validation successful
2025-07-27 15:47:57 - agentic_system - INFO - Validation result for ollama: {'valid': True, 'message': 'Ollama engine configuration is valid'}
2025-07-27 15:47:57 - agentic_system - INFO - Creating ollama engine for dynamic_assign
2025-07-27 15:47:57 - agentic_system - INFO - Attempting to connect to Ollama server at http://ollama:11434 (attempt 1/5)
2025-07-27 15:47:57 - agentic_system - INFO - Ollama engine initialized with model: llama3.1:8b
2025-07-27 15:47:57 - agentic_system - INFO - Created Ollama engine with model: llama3.1:8b at http://ollama:11434
2025-07-27 15:47:57 - agentic_system - INFO - Starting Agentic Teaching System...
2025-07-27 15:47:57 - agentic_system - INFO - Waiting for infrastructure services to be ready...
2025-07-27 15:48:07 - agentic_system - WARNING - Kafka health check failed: KafkaAdminClient.describe_cluster() got an unexpected keyword argument 'timeout_ms'
2025-07-27 15:48:07 - agentic_system - INFO - Health monitoring started
2025-07-27 15:48:07 - agentic_system - INFO - Initializing agents...
2025-07-27 15:48:07 - agentic_system - INFO - Trying to validate gemini for english_teacher
2025-07-27 15:48:07 - agentic_system - INFO - Validation result for gemini: {'valid': False, 'error': 'GEMINI_API_KEY not found in environment variables', 'suggestion': 'Set GEMINI_API_KEY in your .env file'}
2025-07-27 15:48:07 - agentic_system - WARNING - gemini validation failed: GEMINI_API_KEY not found in environment variables
2025-07-27 15:48:07 - agentic_system - INFO - Trying to validate ollama for english_teacher
2025-07-27 15:48:07 - agentic_system - INFO - Attempting to connect to Ollama server at http://ollama:11434 (attempt 1/5)
2025-07-27 15:48:07 - agentic_system - INFO - Ollama engine initialized with model: llama3.1:8b
2025-07-27 15:48:07 - agentic_system - INFO - Validating Ollama server connection (attempt 1/3)
2025-07-27 15:48:07 - agentic_system - INFO - Ollama server validation successful
2025-07-27 15:48:07 - agentic_system - INFO - Validation result for ollama: {'valid': True, 'message': 'Ollama engine configuration is valid'}
2025-07-27 15:48:07 - agentic_system - INFO - Creating ollama engine for english_teacher
2025-07-27 15:48:07 - agentic_system - INFO - Attempting to connect to Ollama server at http://ollama:11434 (attempt 1/5)
2025-07-27 15:48:07 - agentic_system - INFO - Ollama engine initialized with model: llama3.1:8b
2025-07-27 15:48:07 - agentic_system - INFO - Created Ollama engine with model: llama3.1:8b at http://ollama:11434
2025-07-27 15:48:07 - agentic_system - INFO - Agent initialized: english_teacher_001 (english_teacher)
2025-07-27 15:48:07 - agentic_system - INFO - Trying to validate gemini for chinese_teacher
2025-07-27 15:48:07 - agentic_system - INFO - Validation result for gemini: {'valid': False, 'error': 'GEMINI_API_KEY not found in environment variables', 'suggestion': 'Set GEMINI_API_KEY in your .env file'}
2025-07-27 15:48:07 - agentic_system - WARNING - gemini validation failed: GEMINI_API_KEY not found in environment variables
2025-07-27 15:48:07 - agentic_system - INFO - Trying to validate ollama for chinese_teacher
2025-07-27 15:48:07 - agentic_system - INFO - Attempting to connect to Ollama server at http://ollama:11434 (attempt 1/5)
2025-07-27 15:48:07 - agentic_system - INFO - Ollama engine initialized with model: llama3.1:8b
2025-07-27 15:48:07 - agentic_system - INFO - Validating Ollama server connection (attempt 1/3)
2025-07-27 15:48:07 - agentic_system - INFO - Ollama server validation successful
2025-07-27 15:48:07 - agentic_system - INFO - Validation result for ollama: {'valid': True, 'message': 'Ollama engine configuration is valid'}
2025-07-27 15:48:07 - agentic_system - INFO - Creating ollama engine for chinese_teacher
2025-07-27 15:48:07 - agentic_system - INFO - Attempting to connect to Ollama server at http://ollama:11434 (attempt 1/5)
2025-07-27 15:48:07 - agentic_system - INFO - Ollama engine initialized with model: llama3.1:8b
2025-07-27 15:48:07 - agentic_system - INFO - Created Ollama engine with model: llama3.1:8b at http://ollama:11434
2025-07-27 15:48:07 - agentic_system - INFO - Agent initialized: chinese_teacher_001 (chinese_teacher)
2025-07-27 15:48:07 - agentic_system - INFO - Registered consumer for english_teacher
2025-07-27 15:48:07 - agentic_system - INFO - Registered consumer for chinese_teacher
2025-07-27 15:48:07 - agentic_system - INFO - Initialized 2 agent consumers
2025-07-27 15:48:07 - agentic_system - INFO - Starting agent consumers...
2025-07-27 15:48:07 - agentic_system - ERROR - Failed to list topics: 'dict' object has no attribute 'topics'
2025-07-27 15:48:07 - agentic_system - ERROR - Failed to create topics: 'CreateTopicsResponse_v3' object has no attribute 'items'
2025-07-27 15:48:07 - agentic_system - INFO - Started consumer for english_teacher on topic english_teacher
2025-07-27 15:48:07 - agentic_system - INFO - Started consumer for chinese_teacher on topic chinese_teacher
2025-07-27 15:48:07 - agentic_system - INFO - All agent consumers started
2025-07-27 15:48:07 - agentic_system - INFO - Kafka consumer created for topics: ['english_teacher']
2025-07-27 15:48:07 - agentic_system - INFO - Kafka consumer created for topics: ['chinese_teacher']
2025-07-27 15:48:07 - agentic_system - INFO - Consumer for english_teacher listening on english_teacher
2025-07-27 15:48:07 - agentic_system - INFO - Consumer for chinese_teacher listening on chinese_teacher
2025-07-27 15:48:10 - agentic_system - INFO - Starting student producer...
2025-07-27 15:48:10 - agentic_system - INFO - Student producer initialized: demo_student_001
2025-07-27 15:48:10 - agentic_system - INFO - Result listener started
2025-07-27 15:48:10 - agentic_system - INFO - Agentic Teaching System started successfully!
2025-07-27 15:48:10 - agentic_system - INFO - Kafka consumer created for topics: ['result']
2025-07-27 15:48:10 - agentic_system - INFO - Listening for results...
2025-07-27 15:48:16 - agentic_system - INFO - Ollama request completed: Input tokens: 212, Output tokens: 3, Response time: 5.53s
2025-07-27 15:48:16 - agentic_system - INFO - Dynamic assignment: 'What is the difference between 'their', 'there', a...' -> english_teacher
2025-07-27 15:48:16 - agentic_system - INFO - Kafka producer created successfully
2025-07-27 15:48:16 - agentic_system - INFO - Message sent to topic 'english_teacher': RecordMetadata(topic='english_teacher', partition=0, topic_partition=TopicPartition(topic='english_teacher', partition=0), offset=0, timestamp=1753631296523, log_start_offset=0, checksum=None, serialized_key_size=-1, serialized_value_size=201, serialized_header_size=-1)
2025-07-27 15:48:16 - agentic_system - INFO - Question sent to english_teacher: What is the difference between 'their', 'there', a...
2025-07-27 15:48:16 - agentic_system - INFO - english_teacher processing message #1
2025-07-27 15:48:16 - agentic_system - INFO - English teacher processing message: What is the difference between 'their', 'there', a...
2025-07-27 15:48:25 - agentic_system - INFO - Ollama request completed: Input tokens: 210, Output tokens: 3, Response time: 5.53s
2025-07-27 15:48:25 - agentic_system - INFO - Dynamic assignment: 'Can you explain the symbolism in Shakespeare's Mac...' -> english_teacher
2025-07-27 15:48:25 - agentic_system - INFO - Message sent to topic 'english_teacher': RecordMetadata(topic='english_teacher', partition=0, topic_partition=TopicPartition(topic='english_teacher', partition=0), offset=1, timestamp=1753631305064, log_start_offset=0, checksum=None, serialized_key_size=-1, serialized_value_size=194, serialized_header_size=-1)
2025-07-27 15:48:25 - agentic_system - INFO - Question sent to english_teacher: Can you explain the symbolism in Shakespeare's Mac...
2025-07-27 15:48:30 - agentic_system - INFO - Ollama request completed: Input tokens: 206, Output tokens: 3, Response time: 2.56s
2025-07-27 15:48:30 - agentic_system - INFO - Dynamic assignment: 'What does the Chinese phrase '塞翁失馬' mean?...' -> chinese_teacher
2025-07-27 15:48:30 - agentic_system - INFO - Message sent to topic 'chinese_teacher': RecordMetadata(topic='chinese_teacher', partition=0, topic_partition=TopicPartition(topic='chinese_teacher', partition=0), offset=0, timestamp=1753631310627, log_start_offset=0, checksum=None, serialized_key_size=-1, serialized_value_size=200, serialized_header_size=-1)
2025-07-27 15:48:30 - agentic_system - INFO - Question sent to chinese_teacher: What does the Chinese phrase '塞翁失馬' mean?...
2025-07-27 15:48:30 - agentic_system - INFO - chinese_teacher processing message #1
2025-07-27 15:48:30 - agentic_system - INFO - Chinese teacher processing message: What does the Chinese phrase '塞翁失馬' mean?...
2025-07-27 15:48:37 - agentic_system - WARNING - Kafka health check failed: KafkaAdminClient.describe_cluster() got an unexpected keyword argument 'timeout_ms'
2025-07-27 15:49:04 - agentic_system - INFO - Ollama request completed: Input tokens: 321, Output tokens: 340, Response time: 48.30s
2025-07-27 15:49:04 - agentic_system - INFO - Ollama request completed: Input tokens: 388, Output tokens: 335, Response time: 34.20s
2025-07-27 15:49:04 - agentic_system - INFO - Cost logged: english_teacher request $0.000000, tokens: 0, time: 48.31s
2025-07-27 15:49:04 - agentic_system - INFO - Message sent to topic 'result': RecordMetadata(topic='result', partition=0, topic_partition=TopicPartition(topic='result', partition=0), offset=1, timestamp=1753631344840, log_start_offset=0, checksum=None, serialized_key_size=-1, serialized_value_size=1738, serialized_header_size=-1)
2025-07-27 15:49:04 - agentic_system - INFO - Message sent to topic 'result': RecordMetadata(topic='result', partition=0, topic_partition=TopicPartition(topic='result', partition=0), offset=0, timestamp=1753631344840, log_start_offset=0, checksum=None, serialized_key_size=-1, serialized_value_size=1651, serialized_header_size=-1)
2025-07-27 15:49:04 - agentic_system - INFO - english_teacher completed processing message #1
2025-07-27 15:49:04 - agentic_system - INFO - chinese_teacher completed processing message #1
2025-07-27 15:49:04 - agentic_system - INFO - Received response from chinese_teacher: An excellent question to start our journey together! "塞翁失馬" is a famous idiom in Chinese literature ...
2025-07-27 15:49:04 - agentic_system - INFO - Received response from english_teacher: The infamous "their", "there", and "they're" trio! Don't worry, it's a common source of confusion fo...
2025-07-27 15:49:04 - agentic_system - INFO - english_teacher processing message #2
2025-07-27 15:49:04 - agentic_system - INFO - English teacher processing message: Can you explain the symbolism in Shakespeare's Mac...
2025-07-27 15:49:07 - agentic_system - WARNING - Kafka health check failed: KafkaAdminClient.describe_cluster() got an unexpected keyword argument 'timeout_ms'
2025-07-27 15:49:12 - agentic_system - INFO - Ollama request completed: Input tokens: 207, Output tokens: 3, Response time: 39.15s
2025-07-27 15:49:12 - agentic_system - INFO - Dynamic assignment: 'How can I improve my English pronunciation?...' -> english_teacher
2025-07-27 15:49:12 - agentic_system - INFO - Message sent to topic 'english_teacher': RecordMetadata(topic='english_teacher', partition=0, topic_partition=TopicPartition(topic='english_teacher', partition=0), offset=2, timestamp=1753631352787, log_start_offset=0, checksum=None, serialized_key_size=-1, serialized_value_size=182, serialized_header_size=-1)
2025-07-27 15:49:12 - agentic_system - INFO - Question sent to english_teacher: How can I improve my English pronunciation?...
2025-07-27 15:49:14 - agentic_system - INFO - Stopping Agentic Teaching System...
2025-07-27 15:49:14 - agentic_system - INFO - Result listener stopped
2025-07-27 15:49:19 - agentic_system - INFO - Stopped consumer for english_teacher
2025-07-27 15:49:20 - agentic_system - INFO - Stopped consumer for chinese_teacher
2025-07-27 15:49:20 - agentic_system - INFO - All agent consumers stopped
2025-07-27 15:49:49 - agentic_system - INFO - Kafka admin client initialized successfully
2025-07-27 15:49:49 - agentic_system - INFO - Agent registered: english_teacher_001 -> english_teacher
2025-07-27 15:49:49 - agentic_system - INFO - Agent registered: chinese_teacher_001 -> chinese_teacher
2025-07-27 15:49:49 - agentic_system - INFO - Trying to validate gemini for dynamic_assign
2025-07-27 15:49:49 - agentic_system - INFO - Validation result for gemini: {'valid': False, 'error': 'GEMINI_API_KEY not found in environment variables', 'suggestion': 'Set GEMINI_API_KEY in your .env file'}
2025-07-27 15:49:49 - agentic_system - WARNING - gemini validation failed: GEMINI_API_KEY not found in environment variables
2025-07-27 15:49:49 - agentic_system - INFO - Trying to validate ollama for dynamic_assign
2025-07-27 15:49:49 - agentic_system - INFO - Attempting to connect to Ollama server at http://ollama:11434 (attempt 1/5)
2025-07-27 15:49:49 - agentic_system - INFO - Ollama engine initialized with model: llama3.1:8b
2025-07-27 15:49:49 - agentic_system - INFO - Validating Ollama server connection (attempt 1/3)
2025-07-27 15:49:49 - agentic_system - INFO - Ollama server validation successful
2025-07-27 15:49:49 - agentic_system - INFO - Validation result for ollama: {'valid': True, 'message': 'Ollama engine configuration is valid'}
2025-07-27 15:49:49 - agentic_system - INFO - Creating ollama engine for dynamic_assign
2025-07-27 15:49:49 - agentic_system - INFO - Attempting to connect to Ollama server at http://ollama:11434 (attempt 1/5)
2025-07-27 15:49:49 - agentic_system - INFO - Ollama engine initialized with model: llama3.1:8b
2025-07-27 15:49:49 - agentic_system - INFO - Created Ollama engine with model: llama3.1:8b at http://ollama:11434
2025-07-27 15:49:49 - agentic_system - INFO - Starting Agentic Teaching System...
2025-07-27 15:49:49 - agentic_system - INFO - Waiting for infrastructure services to be ready...
2025-07-27 15:49:59 - agentic_system - WARNING - Kafka health check failed: KafkaAdminClient.describe_cluster() got an unexpected keyword argument 'timeout_ms'
2025-07-27 15:49:59 - agentic_system - INFO - Health monitoring started
2025-07-27 15:49:59 - agentic_system - INFO - Initializing agents...
2025-07-27 15:49:59 - agentic_system - INFO - Trying to validate gemini for english_teacher
2025-07-27 15:49:59 - agentic_system - INFO - Validation result for gemini: {'valid': False, 'error': 'GEMINI_API_KEY not found in environment variables', 'suggestion': 'Set GEMINI_API_KEY in your .env file'}
2025-07-27 15:49:59 - agentic_system - WARNING - gemini validation failed: GEMINI_API_KEY not found in environment variables
2025-07-27 15:49:59 - agentic_system - INFO - Trying to validate ollama for english_teacher
2025-07-27 15:49:59 - agentic_system - INFO - Attempting to connect to Ollama server at http://ollama:11434 (attempt 1/5)
2025-07-27 15:49:59 - agentic_system - INFO - Ollama engine initialized with model: llama3.1:8b
2025-07-27 15:49:59 - agentic_system - INFO - Validating Ollama server connection (attempt 1/3)
2025-07-27 15:49:59 - agentic_system - INFO - Ollama server validation successful
2025-07-27 15:50:00 - agentic_system - INFO - Validation result for ollama: {'valid': True, 'message': 'Ollama engine configuration is valid'}
2025-07-27 15:50:00 - agentic_system - INFO - Creating ollama engine for english_teacher
2025-07-27 15:50:00 - agentic_system - INFO - Attempting to connect to Ollama server at http://ollama:11434 (attempt 1/5)
2025-07-27 15:50:00 - agentic_system - INFO - Ollama engine initialized with model: llama3.1:8b
2025-07-27 15:50:00 - agentic_system - INFO - Created Ollama engine with model: llama3.1:8b at http://ollama:11434
2025-07-27 15:50:00 - agentic_system - INFO - Agent initialized: english_teacher_001 (english_teacher)
2025-07-27 15:50:00 - agentic_system - INFO - Trying to validate gemini for chinese_teacher
2025-07-27 15:50:00 - agentic_system - INFO - Validation result for gemini: {'valid': False, 'error': 'GEMINI_API_KEY not found in environment variables', 'suggestion': 'Set GEMINI_API_KEY in your .env file'}
2025-07-27 15:50:00 - agentic_system - WARNING - gemini validation failed: GEMINI_API_KEY not found in environment variables
2025-07-27 15:50:00 - agentic_system - INFO - Trying to validate ollama for chinese_teacher
2025-07-27 15:50:00 - agentic_system - INFO - Attempting to connect to Ollama server at http://ollama:11434 (attempt 1/5)
2025-07-27 15:50:00 - agentic_system - INFO - Ollama engine initialized with model: llama3.1:8b
2025-07-27 15:50:00 - agentic_system - INFO - Validating Ollama server connection (attempt 1/3)
2025-07-27 15:50:00 - agentic_system - INFO - Ollama server validation successful
2025-07-27 15:50:00 - agentic_system - INFO - Validation result for ollama: {'valid': True, 'message': 'Ollama engine configuration is valid'}
2025-07-27 15:50:00 - agentic_system - INFO - Creating ollama engine for chinese_teacher
2025-07-27 15:50:00 - agentic_system - INFO - Attempting to connect to Ollama server at http://ollama:11434 (attempt 1/5)
2025-07-27 15:50:00 - agentic_system - INFO - Ollama engine initialized with model: llama3.1:8b
2025-07-27 15:50:00 - agentic_system - INFO - Created Ollama engine with model: llama3.1:8b at http://ollama:11434
2025-07-27 15:50:00 - agentic_system - INFO - Agent initialized: chinese_teacher_001 (chinese_teacher)
2025-07-27 15:50:00 - agentic_system - INFO - Registered consumer for english_teacher
2025-07-27 15:50:00 - agentic_system - INFO - Registered consumer for chinese_teacher
2025-07-27 15:50:00 - agentic_system - INFO - Initialized 2 agent consumers
2025-07-27 15:50:00 - agentic_system - INFO - Starting agent consumers...
2025-07-27 15:50:00 - agentic_system - ERROR - Failed to list topics: 'dict' object has no attribute 'topics'
2025-07-27 15:50:00 - agentic_system - ERROR - Failed to create topics: 'CreateTopicsResponse_v3' object has no attribute 'items'
2025-07-27 15:50:00 - agentic_system - INFO - Started consumer for english_teacher on topic english_teacher
2025-07-27 15:50:00 - agentic_system - INFO - Started consumer for chinese_teacher on topic chinese_teacher
2025-07-27 15:50:00 - agentic_system - INFO - All agent consumers started
2025-07-27 15:50:00 - agentic_system - INFO - Kafka consumer created for topics: ['chinese_teacher']
2025-07-27 15:50:00 - agentic_system - INFO - Kafka consumer created for topics: ['english_teacher']
2025-07-27 15:50:00 - agentic_system - INFO - Consumer for chinese_teacher listening on chinese_teacher
2025-07-27 15:50:00 - agentic_system - INFO - Consumer for english_teacher listening on english_teacher
2025-07-27 15:50:03 - agentic_system - INFO - Starting student producer...
2025-07-27 15:50:03 - agentic_system - INFO - Student producer initialized: demo_student_001
2025-07-27 15:50:03 - agentic_system - INFO - Result listener started
2025-07-27 15:50:03 - agentic_system - INFO - Agentic Teaching System started successfully!
2025-07-27 15:50:03 - agentic_system - INFO - Kafka consumer created for topics: ['result']
2025-07-27 15:50:03 - agentic_system - INFO - Listening for results...
2025-07-27 15:50:08 - agentic_system - INFO - Calculating: 15*23
2025-07-27 15:50:08 - agentic_system - INFO - Calculation result: 15*23 = 345
2025-07-27 15:50:08 - agentic_system - INFO - Getting weather for: Tokyo
2025-07-27 15:50:08 - agentic_system - INFO - Weather data retrieved for Tokyo
2025-07-27 15:50:08 - agentic_system - INFO - Ollama request completed: Input tokens: 212, Output tokens: 3, Response time: 5.49s
2025-07-27 15:50:08 - agentic_system - INFO - Dynamic assignment: 'What is the difference between 'their', 'there', a...' -> english_teacher
2025-07-27 15:50:08 - agentic_system - INFO - Kafka producer created successfully
2025-07-27 15:50:08 - agentic_system - INFO - Message sent to topic 'english_teacher': RecordMetadata(topic='english_teacher', partition=0, topic_partition=TopicPartition(topic='english_teacher', partition=0), offset=0, timestamp=1753631408742, log_start_offset=0, checksum=None, serialized_key_size=-1, serialized_value_size=202, serialized_header_size=-1)
2025-07-27 15:50:08 - agentic_system - INFO - Question sent to english_teacher: What is the difference between 'their', 'there', a...
2025-07-27 15:50:08 - agentic_system - INFO - english_teacher processing message #1
2025-07-27 15:50:08 - agentic_system - INFO - English teacher processing message: What is the difference between 'their', 'there', a...
2025-07-27 15:50:17 - agentic_system - INFO - Ollama request completed: Input tokens: 210, Output tokens: 3, Response time: 5.43s
2025-07-27 15:50:17 - agentic_system - INFO - Dynamic assignment: 'Can you explain the symbolism in Shakespeare's Mac...' -> english_teacher
2025-07-27 15:50:17 - agentic_system - INFO - Message sent to topic 'english_teacher': RecordMetadata(topic='english_teacher', partition=0, topic_partition=TopicPartition(topic='english_teacher', partition=0), offset=1, timestamp=1753631417176, log_start_offset=0, checksum=None, serialized_key_size=-1, serialized_value_size=194, serialized_header_size=-1)
2025-07-27 15:50:17 - agentic_system - INFO - Question sent to english_teacher: Can you explain the symbolism in Shakespeare's Mac...
2025-07-27 15:50:18 - agentic_system - INFO - Calculating: 15*23
2025-07-27 15:50:18 - agentic_system - INFO - Calculation result: 15*23 = 345
2025-07-27 15:50:18 - agentic_system - INFO - Getting weather for: Tokyo
2025-07-27 15:50:18 - agentic_system - INFO - Weather data retrieved for Tokyo
2025-07-27 15:50:22 - agentic_system - INFO - Ollama request completed: Input tokens: 206, Output tokens: 3, Response time: 2.50s
2025-07-27 15:50:22 - agentic_system - INFO - Dynamic assignment: 'What does the Chinese phrase '塞翁失馬' mean?...' -> chinese_teacher
2025-07-27 15:50:22 - agentic_system - INFO - Message sent to topic 'chinese_teacher': RecordMetadata(topic='chinese_teacher', partition=0, topic_partition=TopicPartition(topic='chinese_teacher', partition=0), offset=0, timestamp=1753631422680, log_start_offset=0, checksum=None, serialized_key_size=-1, serialized_value_size=200, serialized_header_size=-1)
2025-07-27 15:50:22 - agentic_system - INFO - chinese_teacher processing message #1
2025-07-27 15:50:22 - agentic_system - INFO - Question sent to chinese_teacher: What does the Chinese phrase '塞翁失馬' mean?...
2025-07-27 15:50:22 - agentic_system - INFO - Chinese teacher processing message: What does the Chinese phrase '塞翁失馬' mean?...
2025-07-27 15:50:29 - agentic_system - WARNING - Kafka health check failed: KafkaAdminClient.describe_cluster() got an unexpected keyword argument 'timeout_ms'
2025-07-27 15:50:58 - agentic_system - INFO - Ollama request completed: Input tokens: 388, Output tokens: 352, Response time: 35.31s
2025-07-27 15:50:58 - agentic_system - INFO - Message sent to topic 'result': RecordMetadata(topic='result', partition=0, topic_partition=TopicPartition(topic='result', partition=0), offset=0, timestamp=1753631458006, log_start_offset=0, checksum=None, serialized_key_size=-1, serialized_value_size=1671, serialized_header_size=-1)
2025-07-27 15:50:58 - agentic_system - INFO - chinese_teacher completed processing message #1
2025-07-27 15:50:58 - agentic_system - INFO - Received response from chinese_teacher: A classic phrase from ancient Chinese literature! 

The Chinese phrase "" (Sāi Wēng Shī Mǎ) is a wel...
2025-07-27 15:50:59 - agentic_system - WARNING - Kafka health check failed: KafkaAdminClient.describe_cluster() got an unexpected keyword argument 'timeout_ms'
2025-07-27 15:51:01 - agentic_system - INFO - Ollama request completed: Input tokens: 207, Output tokens: 3, Response time: 36.20s
2025-07-27 15:51:01 - agentic_system - INFO - Dynamic assignment: 'How can I improve my English pronunciation?...' -> english_teacher
2025-07-27 15:51:01 - agentic_system - INFO - Message sent to topic 'english_teacher': RecordMetadata(topic='english_teacher', partition=0, topic_partition=TopicPartition(topic='english_teacher', partition=0), offset=2, timestamp=1753631461887, log_start_offset=0, checksum=None, serialized_key_size=-1, serialized_value_size=181, serialized_header_size=-1)
2025-07-27 15:51:01 - agentic_system - INFO - Question sent to english_teacher: How can I improve my English pronunciation?...
2025-07-27 15:51:05 - agentic_system - INFO - Ollama request completed: Input tokens: 321, Output tokens: 428, Response time: 56.33s
2025-07-27 15:51:05 - agentic_system - INFO - Cost logged: english_teacher request $0.000000, tokens: 0, time: 56.33s
2025-07-27 15:51:05 - agentic_system - INFO - Message sent to topic 'result': RecordMetadata(topic='result', partition=0, topic_partition=TopicPartition(topic='result', partition=0), offset=1, timestamp=1753631465078, log_start_offset=0, checksum=None, serialized_key_size=-1, serialized_value_size=2073, serialized_header_size=-1)
2025-07-27 15:51:05 - agentic_system - INFO - Received response from english_teacher: The infamous "their/there/they're" trio! Don't worry, I'm here to help clarify the difference for yo...
2025-07-27 15:51:05 - agentic_system - INFO - english_teacher completed processing message #1
2025-07-27 15:51:05 - agentic_system - INFO - english_teacher processing message #2
2025-07-27 15:51:05 - agentic_system - INFO - English teacher processing message: Can you explain the symbolism in Shakespeare's Mac...
2025-07-27 15:51:08 - agentic_system - INFO - Ollama request completed: Input tokens: 204, Output tokens: 3, Response time: 3.79s
2025-07-27 15:51:08 - agentic_system - INFO - Dynamic assignment: 'Analyze the poem '靜夜思' by Li Bai...' -> chinese_teacher
2025-07-27 15:51:08 - agentic_system - INFO - Message sent to topic 'chinese_teacher': RecordMetadata(topic='chinese_teacher', partition=0, topic_partition=TopicPartition(topic='chinese_teacher', partition=0), offset=1, timestamp=1753631468678, log_start_offset=0, checksum=None, serialized_key_size=-1, serialized_value_size=186, serialized_header_size=-1)
2025-07-27 15:51:08 - agentic_system - INFO - chinese_teacher processing message #2
2025-07-27 15:51:08 - agentic_system - INFO - Question sent to chinese_teacher: Analyze the poem '靜夜思' by Li Bai...
2025-07-27 15:51:08 - agentic_system - INFO - Chinese teacher processing message: Analyze the poem '靜夜思' by Li Bai...
2025-07-27 15:51:29 - agentic_system - INFO - Trying to validate gemini for english_teacher
2025-07-27 15:51:29 - agentic_system - INFO - Validation result for gemini: {'valid': False, 'error': 'GEMINI_API_KEY not found in environment variables', 'suggestion': 'Set GEMINI_API_KEY in your .env file'}
2025-07-27 15:51:29 - agentic_system - WARNING - gemini validation failed: GEMINI_API_KEY not found in environment variables
2025-07-27 15:51:29 - agentic_system - INFO - Trying to validate ollama for english_teacher
2025-07-27 15:51:29 - agentic_system - INFO - Attempting to connect to Ollama server at http://ollama:11434 (attempt 1/5)
2025-07-27 15:51:29 - agentic_system - INFO - Ollama engine initialized with model: llama3.1:8b
2025-07-27 15:51:29 - agentic_system - INFO - Validating Ollama server connection (attempt 1/3)
2025-07-27 15:51:29 - agentic_system - INFO - Ollama server validation successful
2025-07-27 15:51:29 - agentic_system - INFO - Validation result for ollama: {'valid': True, 'message': 'Ollama engine configuration is valid'}
2025-07-27 15:51:29 - agentic_system - INFO - Creating ollama engine for english_teacher
2025-07-27 15:51:29 - agentic_system - INFO - Attempting to connect to Ollama server at http://ollama:11434 (attempt 1/5)
2025-07-27 15:51:29 - agentic_system - INFO - Ollama engine initialized with model: llama3.1:8b
2025-07-27 15:51:29 - agentic_system - INFO - Created Ollama engine with model: llama3.1:8b at http://ollama:11434
2025-07-27 15:51:29 - agentic_system - WARNING - Kafka health check failed: KafkaAdminClient.describe_cluster() got an unexpected keyword argument 'timeout_ms'
2025-07-27 15:51:59 - agentic_system - WARNING - Kafka health check failed: KafkaAdminClient.describe_cluster() got an unexpected keyword argument 'timeout_ms'
2025-07-27 15:52:04 - agentic_system - INFO - Ollama request completed: Input tokens: 319, Output tokens: 629, Response time: 58.94s
2025-07-27 15:52:04 - agentic_system - INFO - Cost logged: english_teacher request $0.000000, tokens: 0, time: 58.94s
2025-07-27 15:52:04 - agentic_system - INFO - Message sent to topic 'result': RecordMetadata(topic='result', partition=0, topic_partition=TopicPartition(topic='result', partition=0), offset=2, timestamp=1753631524024, log_start_offset=0, checksum=None, serialized_key_size=-1, serialized_value_size=2843, serialized_header_size=-1)
2025-07-27 15:52:04 - agentic_system - INFO - english_teacher completed processing message #2
2025-07-27 15:52:04 - agentic_system - INFO - Received response from english_teacher: A great question about one of literature's greatest works! I'd be happy to break down the symbolism ...
2025-07-27 15:52:04 - agentic_system - INFO - english_teacher processing message #3
2025-07-27 15:52:04 - agentic_system - INFO - English teacher processing message: How can I improve my English pronunciation?...
2025-07-27 15:52:08 - agentic_system - INFO - Ollama request completed: Input tokens: 210, Output tokens: 3, Response time: 56.51s
2025-07-27 15:52:08 - agentic_system - INFO - Dynamic assignment: 'What are some common English grammar mistakes to a...' -> english_teacher
2025-07-27 15:52:08 - agentic_system - INFO - Message sent to topic 'english_teacher': RecordMetadata(topic='english_teacher', partition=0, topic_partition=TopicPartition(topic='english_teacher', partition=0), offset=3, timestamp=1753631528192, log_start_offset=0, checksum=None, serialized_key_size=-1, serialized_value_size=194, serialized_header_size=-1)
2025-07-27 15:52:08 - agentic_system - INFO - Question sent to english_teacher: What are some common English grammar mistakes to a...
2025-07-27 15:52:08 - agentic_system - ERROR - Network error with Ollama: HTTPConnectionPool(host='ollama', port=11434): Read timed out. (read timeout=60)
2025-07-27 15:52:08 - agentic_system - INFO - Message sent to topic 'result': RecordMetadata(topic='result', partition=0, topic_partition=TopicPartition(topic='result', partition=0), offset=3, timestamp=1753631528743, log_start_offset=0, checksum=None, serialized_key_size=-1, serialized_value_size=336, serialized_header_size=-1)
2025-07-27 15:52:08 - agentic_system - INFO - Received response from chinese_teacher: Error: Network issue connecting to Ollama - HTTPConnectionPool(host='ollama', port=11434): Read time...
2025-07-27 15:52:08 - agentic_system - INFO - chinese_teacher completed processing message #2
2025-07-27 15:52:29 - agentic_system - ERROR - Network error with Ollama: HTTPConnectionPool(host='ollama', port=11434): Read timed out. (read timeout=60)
2025-07-27 15:52:29 - agentic_system - WARNING - Kafka health check failed: KafkaAdminClient.describe_cluster() got an unexpected keyword argument 'timeout_ms'
2025-07-27 15:52:44 - agentic_system - INFO - Ollama request completed: Input tokens: 316, Output tokens: 440, Response time: 40.17s
2025-07-27 15:52:44 - agentic_system - INFO - Cost logged: english_teacher request $0.000000, tokens: 0, time: 40.17s
2025-07-27 15:52:44 - agentic_system - INFO - Message sent to topic 'result': RecordMetadata(topic='result', partition=0, topic_partition=TopicPartition(topic='result', partition=0), offset=4, timestamp=1753631564204, log_start_offset=0, checksum=None, serialized_key_size=-1, serialized_value_size=2099, serialized_header_size=-1)
2025-07-27 15:52:44 - agentic_system - INFO - english_teacher completed processing message #3
2025-07-27 15:52:44 - agentic_system - INFO - Received response from english_teacher: Improving English pronunciation requires practice, patience, and a few strategies. Let's break it do...
2025-07-27 15:52:44 - agentic_system - INFO - english_teacher processing message #4
2025-07-27 15:52:44 - agentic_system - INFO - English teacher processing message: What are some common English grammar mistakes to a...
2025-07-27 15:52:59 - agentic_system - WARNING - Kafka health check failed: KafkaAdminClient.describe_cluster() got an unexpected keyword argument 'timeout_ms'
2025-07-27 15:53:23 - agentic_system - INFO - Stopping Agentic Teaching System...
2025-07-27 15:53:24 - agentic_system - INFO - Result listener stopped
2025-07-27 15:53:27 - agentic_system - INFO - Ollama request completed: Input tokens: 319, Output tokens: 600, Response time: 43.36s
2025-07-27 15:53:27 - agentic_system - INFO - Cost logged: english_teacher request $0.000000, tokens: 0, time: 43.36s
2025-07-27 15:53:27 - agentic_system - INFO - Message sent to topic 'result': RecordMetadata(topic='result', partition=0, topic_partition=TopicPartition(topic='result', partition=0), offset=5, timestamp=1753631607564, log_start_offset=0, checksum=None, serialized_key_size=-1, serialized_value_size=2756, serialized_header_size=-1)
2025-07-27 15:53:27 - agentic_system - INFO - english_teacher completed processing message #4
2025-07-27 15:53:27 - agentic_system - INFO - Stopped consumer for english_teacher
2025-07-27 15:53:27 - agentic_system - INFO - Stopped consumer for chinese_teacher
2025-07-27 15:53:27 - agentic_system - INFO - All agent consumers stopped
2025-07-27 15:53:29 - agentic_system - INFO - Health monitoring stopped
2025-07-27 15:53:29 - agentic_system - INFO - Agentic Teaching System stopped
2025-07-27 15:53:55 - agentic_system - INFO - Kafka admin client initialized successfully
2025-07-27 15:53:55 - agentic_system - INFO - Agent registered: english_teacher_001 -> english_teacher
2025-07-27 15:53:55 - agentic_system - INFO - Agent registered: chinese_teacher_001 -> chinese_teacher
2025-07-27 15:53:55 - agentic_system - INFO - Trying to validate gemini for dynamic_assign
2025-07-27 15:53:55 - agentic_system - INFO - Validation result for gemini: {'valid': False, 'error': 'GEMINI_API_KEY not found in environment variables', 'suggestion': 'Set GEMINI_API_KEY in your .env file'}
2025-07-27 15:53:55 - agentic_system - WARNING - gemini validation failed: GEMINI_API_KEY not found in environment variables
2025-07-27 15:53:55 - agentic_system - INFO - Trying to validate ollama for dynamic_assign
2025-07-27 15:53:55 - agentic_system - INFO - Attempting to connect to Ollama server at http://ollama:11434 (attempt 1/5)
2025-07-27 15:53:55 - agentic_system - INFO - Ollama engine initialized with model: llama3.1:8b
2025-07-27 15:53:55 - agentic_system - INFO - Validating Ollama server connection (attempt 1/3)
2025-07-27 15:53:55 - agentic_system - INFO - Ollama server validation successful
2025-07-27 15:53:55 - agentic_system - INFO - Validation result for ollama: {'valid': True, 'message': 'Ollama engine configuration is valid'}
2025-07-27 15:53:55 - agentic_system - INFO - Creating ollama engine for dynamic_assign
2025-07-27 15:53:55 - agentic_system - INFO - Attempting to connect to Ollama server at http://ollama:11434 (attempt 1/5)
2025-07-27 15:53:55 - agentic_system - INFO - Ollama engine initialized with model: llama3.1:8b
2025-07-27 15:53:55 - agentic_system - INFO - Created Ollama engine with model: llama3.1:8b at http://ollama:11434
2025-07-27 15:53:55 - agentic_system - INFO - Starting Agentic Teaching System...
2025-07-27 15:53:55 - agentic_system - INFO - Waiting for infrastructure services to be ready...
2025-07-27 15:54:05 - agentic_system - WARNING - Kafka health check failed: KafkaAdminClient.describe_cluster() got an unexpected keyword argument 'timeout_ms'
2025-07-27 15:54:05 - agentic_system - INFO - Health monitoring started
2025-07-27 15:54:05 - agentic_system - INFO - Initializing agents...
2025-07-27 15:54:05 - agentic_system - INFO - Trying to validate gemini for english_teacher
2025-07-27 15:54:05 - agentic_system - INFO - Validation result for gemini: {'valid': False, 'error': 'GEMINI_API_KEY not found in environment variables', 'suggestion': 'Set GEMINI_API_KEY in your .env file'}
2025-07-27 15:54:05 - agentic_system - WARNING - gemini validation failed: GEMINI_API_KEY not found in environment variables
2025-07-27 15:54:05 - agentic_system - INFO - Trying to validate ollama for english_teacher
2025-07-27 15:54:05 - agentic_system - INFO - Attempting to connect to Ollama server at http://ollama:11434 (attempt 1/5)
2025-07-27 15:54:05 - agentic_system - INFO - Ollama engine initialized with model: llama3.1:8b
2025-07-27 15:54:05 - agentic_system - INFO - Validating Ollama server connection (attempt 1/3)
2025-07-27 15:54:05 - agentic_system - INFO - Ollama server validation successful
2025-07-27 15:54:05 - agentic_system - INFO - Validation result for ollama: {'valid': True, 'message': 'Ollama engine configuration is valid'}
2025-07-27 15:54:05 - agentic_system - INFO - Creating ollama engine for english_teacher
2025-07-27 15:54:05 - agentic_system - INFO - Attempting to connect to Ollama server at http://ollama:11434 (attempt 1/5)
2025-07-27 15:54:05 - agentic_system - INFO - Ollama engine initialized with model: llama3.1:8b
2025-07-27 15:54:05 - agentic_system - INFO - Created Ollama engine with model: llama3.1:8b at http://ollama:11434
2025-07-27 15:54:05 - agentic_system - INFO - Agent initialized: english_teacher_001 (english_teacher)
2025-07-27 15:54:05 - agentic_system - INFO - Trying to validate gemini for chinese_teacher
2025-07-27 15:54:05 - agentic_system - INFO - Validation result for gemini: {'valid': False, 'error': 'GEMINI_API_KEY not found in environment variables', 'suggestion': 'Set GEMINI_API_KEY in your .env file'}
2025-07-27 15:54:05 - agentic_system - WARNING - gemini validation failed: GEMINI_API_KEY not found in environment variables
2025-07-27 15:54:05 - agentic_system - INFO - Trying to validate ollama for chinese_teacher
2025-07-27 15:54:05 - agentic_system - INFO - Attempting to connect to Ollama server at http://ollama:11434 (attempt 1/5)
2025-07-27 15:54:05 - agentic_system - INFO - Ollama engine initialized with model: llama3.1:8b
2025-07-27 15:54:05 - agentic_system - INFO - Validating Ollama server connection (attempt 1/3)
2025-07-27 15:54:05 - agentic_system - INFO - Ollama server validation successful
2025-07-27 15:54:05 - agentic_system - INFO - Validation result for ollama: {'valid': True, 'message': 'Ollama engine configuration is valid'}
2025-07-27 15:54:05 - agentic_system - INFO - Creating ollama engine for chinese_teacher
2025-07-27 15:54:05 - agentic_system - INFO - Attempting to connect to Ollama server at http://ollama:11434 (attempt 1/5)
2025-07-27 15:54:05 - agentic_system - INFO - Ollama engine initialized with model: llama3.1:8b
2025-07-27 15:54:05 - agentic_system - INFO - Created Ollama engine with model: llama3.1:8b at http://ollama:11434
2025-07-27 15:54:05 - agentic_system - INFO - Agent initialized: chinese_teacher_001 (chinese_teacher)
2025-07-27 15:54:05 - agentic_system - INFO - Registered consumer for english_teacher
2025-07-27 15:54:05 - agentic_system - INFO - Registered consumer for chinese_teacher
2025-07-27 15:54:05 - agentic_system - INFO - Initialized 2 agent consumers
2025-07-27 15:54:05 - agentic_system - INFO - Starting agent consumers...
2025-07-27 15:54:05 - agentic_system - ERROR - Failed to list topics: 'dict' object has no attribute 'topics'
2025-07-27 15:54:05 - agentic_system - ERROR - Failed to create topics: 'CreateTopicsResponse_v3' object has no attribute 'items'
2025-07-27 15:54:05 - agentic_system - INFO - Started consumer for english_teacher on topic english_teacher
2025-07-27 15:54:05 - agentic_system - INFO - Started consumer for chinese_teacher on topic chinese_teacher
2025-07-27 15:54:05 - agentic_system - INFO - All agent consumers started
2025-07-27 15:54:05 - agentic_system - INFO - Kafka consumer created for topics: ['english_teacher']
2025-07-27 15:54:05 - agentic_system - INFO - Kafka consumer created for topics: ['chinese_teacher']
2025-07-27 15:54:05 - agentic_system - INFO - Consumer for english_teacher listening on english_teacher
2025-07-27 15:54:05 - agentic_system - INFO - Consumer for chinese_teacher listening on chinese_teacher
2025-07-27 15:54:08 - agentic_system - INFO - Starting student producer...
2025-07-27 15:54:08 - agentic_system - INFO - Student producer initialized: demo_student_001
2025-07-27 15:54:08 - agentic_system - INFO - Result listener started
2025-07-27 15:54:08 - agentic_system - INFO - Agentic Teaching System started successfully!
2025-07-27 15:54:08 - agentic_system - INFO - Kafka consumer created for topics: ['result']
2025-07-27 15:54:08 - agentic_system - INFO - Listening for results...
2025-07-27 15:54:13 - agentic_system - INFO - Trying to validate gemini for english_teacher
2025-07-27 15:54:13 - agentic_system - INFO - Validation result for gemini: {'valid': False, 'error': 'GEMINI_API_KEY not found in environment variables', 'suggestion': 'Set GEMINI_API_KEY in your .env file'}
2025-07-27 15:54:13 - agentic_system - WARNING - gemini validation failed: GEMINI_API_KEY not found in environment variables
2025-07-27 15:54:13 - agentic_system - INFO - Trying to validate ollama for english_teacher
2025-07-27 15:54:13 - agentic_system - INFO - Attempting to connect to Ollama server at http://ollama:11434 (attempt 1/5)
2025-07-27 15:54:13 - agentic_system - INFO - Ollama engine initialized with model: llama3.1:8b
2025-07-27 15:54:13 - agentic_system - INFO - Validating Ollama server connection (attempt 1/3)
2025-07-27 15:54:13 - agentic_system - INFO - Ollama server validation successful
2025-07-27 15:54:13 - agentic_system - INFO - Validation result for ollama: {'valid': True, 'message': 'Ollama engine configuration is valid'}
2025-07-27 15:54:13 - agentic_system - INFO - Creating ollama engine for english_teacher
2025-07-27 15:54:13 - agentic_system - INFO - Attempting to connect to Ollama server at http://ollama:11434 (attempt 1/5)
2025-07-27 15:54:13 - agentic_system - INFO - Ollama engine initialized with model: llama3.1:8b
2025-07-27 15:54:13 - agentic_system - INFO - Created Ollama engine with model: llama3.1:8b at http://ollama:11434
2025-07-27 15:54:14 - agentic_system - INFO - Ollama request completed: Input tokens: 212, Output tokens: 3, Response time: 5.72s
2025-07-27 15:54:14 - agentic_system - INFO - Dynamic assignment: 'What is the difference between 'their', 'there', a...' -> english_teacher
2025-07-27 15:54:14 - agentic_system - INFO - Kafka producer created successfully
2025-07-27 15:54:14 - agentic_system - INFO - Message sent to topic 'english_teacher': RecordMetadata(topic='english_teacher', partition=0, topic_partition=TopicPartition(topic='english_teacher', partition=0), offset=0, timestamp=1753631654401, log_start_offset=0, checksum=None, serialized_key_size=-1, serialized_value_size=201, serialized_header_size=-1)
2025-07-27 15:54:14 - agentic_system - INFO - Question sent to english_teacher: What is the difference between 'their', 'there', a...
2025-07-27 15:54:14 - agentic_system - INFO - english_teacher processing message #1
2025-07-27 15:54:14 - agentic_system - INFO - English teacher processing message: What is the difference between 'their', 'there', a...
2025-07-27 15:54:35 - agentic_system - WARNING - Kafka health check failed: KafkaAdminClient.describe_cluster() got an unexpected keyword argument 'timeout_ms'
2025-07-27 15:54:54 - agentic_system - INFO - Ollama request completed: Input tokens: 321, Output tokens: 389, Response time: 40.49s
2025-07-27 15:54:54 - agentic_system - INFO - Cost logged: english_teacher request $0.000000, tokens: 0, time: 40.49s
2025-07-27 15:54:54 - agentic_system - INFO - Message sent to topic 'result': RecordMetadata(topic='result', partition=0, topic_partition=TopicPartition(topic='result', partition=0), offset=0, timestamp=1753631694908, log_start_offset=0, checksum=None, serialized_key_size=-1, serialized_value_size=1911, serialized_header_size=-1)
2025-07-27 15:54:54 - agentic_system - INFO - Received response from english_teacher: One of the most common confusions in English grammar! Don't worry, I'm here to help clarify the diff...
2025-07-27 15:54:54 - agentic_system - INFO - english_teacher completed processing message #1
2025-07-27 15:54:58 - agentic_system - INFO - Ollama request completed: Input tokens: 210, Output tokens: 3, Response time: 41.39s
2025-07-27 15:54:58 - agentic_system - INFO - Dynamic assignment: 'Can you explain the symbolism in Shakespeare's Mac...' -> english_teacher
2025-07-27 15:54:58 - agentic_system - INFO - Message sent to topic 'english_teacher': RecordMetadata(topic='english_teacher', partition=0, topic_partition=TopicPartition(topic='english_teacher', partition=0), offset=1, timestamp=1753631698803, log_start_offset=0, checksum=None, serialized_key_size=-1, serialized_value_size=194, serialized_header_size=-1)
2025-07-27 15:54:58 - agentic_system - INFO - english_teacher processing message #2
2025-07-27 15:54:58 - agentic_system - INFO - Question sent to english_teacher: Can you explain the symbolism in Shakespeare's Mac...
2025-07-27 15:54:58 - agentic_system - INFO - English teacher processing message: Can you explain the symbolism in Shakespeare's Mac...
2025-07-27 15:55:04 - agentic_system - INFO - Ollama request completed: Input tokens: 5, Output tokens: 388, Response time: 51.59s
2025-07-27 15:55:05 - agentic_system - WARNING - Kafka health check failed: KafkaAdminClient.describe_cluster() got an unexpected keyword argument 'timeout_ms'
2025-07-27 15:55:09 - agentic_system - INFO - Ollama request completed: Input tokens: 206, Output tokens: 3, Response time: 7.25s
2025-07-27 15:55:09 - agentic_system - INFO - Dynamic assignment: 'What does the Chinese phrase '塞翁失馬' mean?...' -> chinese_teacher
2025-07-27 15:55:09 - agentic_system - INFO - Message sent to topic 'chinese_teacher': RecordMetadata(topic='chinese_teacher', partition=0, topic_partition=TopicPartition(topic='chinese_teacher', partition=0), offset=0, timestamp=1753631709062, log_start_offset=0, checksum=None, serialized_key_size=-1, serialized_value_size=200, serialized_header_size=-1)
2025-07-27 15:55:09 - agentic_system - INFO - Question sent to chinese_teacher: What does the Chinese phrase '塞翁失馬' mean?...
2025-07-27 15:55:09 - agentic_system - INFO - chinese_teacher processing message #1
2025-07-27 15:55:09 - agentic_system - INFO - Chinese teacher processing message: What does the Chinese phrase '塞翁失馬' mean?...
2025-07-27 15:55:35 - agentic_system - WARNING - Kafka health check failed: KafkaAdminClient.describe_cluster() got an unexpected keyword argument 'timeout_ms'
2025-07-27 15:55:45 - agentic_system - INFO - Ollama request completed: Input tokens: 388, Output tokens: 346, Response time: 36.45s
2025-07-27 15:55:45 - agentic_system - INFO - Message sent to topic 'result': RecordMetadata(topic='result', partition=0, topic_partition=TopicPartition(topic='result', partition=0), offset=1, timestamp=1753631745521, log_start_offset=0, checksum=None, serialized_key_size=-1, serialized_value_size=1661, serialized_header_size=-1)
2025-07-27 15:55:45 - agentic_system - INFO - chinese_teacher completed processing message #1
2025-07-27 15:55:45 - agentic_system - INFO - Received response from chinese_teacher: "Ahah, you're interested in classical Chinese literature! '塞翁失馬' is a famous phrase from an ancient ...
2025-07-27 15:55:49 - agentic_system - INFO - Ollama request completed: Input tokens: 207, Output tokens: 3, Response time: 37.40s
2025-07-27 15:55:49 - agentic_system - INFO - Dynamic assignment: 'How can I improve my English pronunciation?...' -> english_teacher
2025-07-27 15:55:49 - agentic_system - INFO - Message sent to topic 'english_teacher': RecordMetadata(topic='english_teacher', partition=0, topic_partition=TopicPartition(topic='english_teacher', partition=0), offset=2, timestamp=1753631749466, log_start_offset=0, checksum=None, serialized_key_size=-1, serialized_value_size=181, serialized_header_size=-1)
2025-07-27 15:55:49 - agentic_system - INFO - Question sent to english_teacher: How can I improve my English pronunciation?...
2025-07-27 15:55:55 - agentic_system - INFO - Ollama request completed: Input tokens: 204, Output tokens: 3, Response time: 2.72s
2025-07-27 15:55:55 - agentic_system - INFO - Dynamic assignment: 'Analyze the poem '靜夜思' by Li Bai...' -> chinese_teacher
2025-07-27 15:55:55 - agentic_system - INFO - Message sent to topic 'chinese_teacher': RecordMetadata(topic='chinese_teacher', partition=0, topic_partition=TopicPartition(topic='chinese_teacher', partition=0), offset=1, timestamp=1753631755190, log_start_offset=0, checksum=None, serialized_key_size=-1, serialized_value_size=185, serialized_header_size=-1)
2025-07-27 15:55:55 - agentic_system - INFO - chinese_teacher processing message #2
2025-07-27 15:55:55 - agentic_system - INFO - Question sent to chinese_teacher: Analyze the poem '靜夜思' by Li Bai...
2025-07-27 15:55:55 - agentic_system - INFO - Chinese teacher processing message: Analyze the poem '靜夜思' by Li Bai...
2025-07-27 15:55:58 - agentic_system - ERROR - Network error with Ollama: HTTPConnectionPool(host='ollama', port=11434): Read timed out. (read timeout=60)
2025-07-27 15:55:58 - agentic_system - INFO - Cost logged: english_teacher request $0.000000, tokens: 0, time: 60.05s
2025-07-27 15:55:58 - agentic_system - INFO - Message sent to topic 'result': RecordMetadata(topic='result', partition=0, topic_partition=TopicPartition(topic='result', partition=0), offset=2, timestamp=1753631758864, log_start_offset=0, checksum=None, serialized_key_size=-1, serialized_value_size=427, serialized_header_size=-1)
2025-07-27 15:55:58 - agentic_system - INFO - Received response from english_teacher: Error: Network issue connecting to Ollama - HTTPConnectionPool(host='ollama', port=11434): Read time...
2025-07-27 15:55:58 - agentic_system - INFO - english_teacher completed processing message #2
2025-07-27 15:55:58 - agentic_system - INFO - english_teacher processing message #3
2025-07-27 15:55:58 - agentic_system - INFO - English teacher processing message: How can I improve my English pronunciation?...
2025-07-27 15:56:05 - agentic_system - WARNING - Kafka health check failed: KafkaAdminClient.describe_cluster() got an unexpected keyword argument 'timeout_ms'
2025-07-27 15:56:06 - agentic_system - INFO - Ollama request completed: Input tokens: 210, Output tokens: 3, Response time: 8.24s
2025-07-27 15:56:06 - agentic_system - INFO - Dynamic assignment: 'What are some common English grammar mistakes to a...' -> english_teacher
2025-07-27 15:56:06 - agentic_system - INFO - Message sent to topic 'english_teacher': RecordMetadata(topic='english_teacher', partition=0, topic_partition=TopicPartition(topic='english_teacher', partition=0), offset=3, timestamp=1753631766431, log_start_offset=0, checksum=None, serialized_key_size=-1, serialized_value_size=194, serialized_header_size=-1)
2025-07-27 15:56:06 - agentic_system - INFO - Question sent to english_teacher: What are some common English grammar mistakes to a...
2025-07-27 15:56:35 - agentic_system - WARNING - Kafka health check failed: KafkaAdminClient.describe_cluster() got an unexpected keyword argument 'timeout_ms'
2025-07-27 15:56:44 - agentic_system - INFO - Ollama request completed: Input tokens: 316, Output tokens: 424, Response time: 45.48s
2025-07-27 15:56:44 - agentic_system - INFO - Cost logged: english_teacher request $0.000000, tokens: 0, time: 45.48s
2025-07-27 15:56:44 - agentic_system - INFO - Message sent to topic 'result': RecordMetadata(topic='result', partition=0, topic_partition=TopicPartition(topic='result', partition=0), offset=3, timestamp=1753631804352, log_start_offset=0, checksum=None, serialized_key_size=-1, serialized_value_size=2020, serialized_header_size=-1)
2025-07-27 15:56:44 - agentic_system - INFO - Received response from english_teacher: Improving English pronunciation requires practice, dedication, and a step-by-step approach. Let's br...
2025-07-27 15:56:44 - agentic_system - INFO - english_teacher completed processing message #3
2025-07-27 15:56:44 - agentic_system - INFO - english_teacher processing message #4
2025-07-27 15:56:44 - agentic_system - INFO - English teacher processing message: What are some common English grammar mistakes to a...
2025-07-27 15:56:55 - agentic_system - ERROR - Network error with Ollama: HTTPConnectionPool(host='ollama', port=11434): Read timed out. (read timeout=60)
2025-07-27 15:56:55 - agentic_system - INFO - Message sent to topic 'result': RecordMetadata(topic='result', partition=0, topic_partition=TopicPartition(topic='result', partition=0), offset=4, timestamp=1753631815251, log_start_offset=0, checksum=None, serialized_key_size=-1, serialized_value_size=336, serialized_header_size=-1)
2025-07-27 15:56:55 - agentic_system - INFO - Received response from chinese_teacher: Error: Network issue connecting to Ollama - HTTPConnectionPool(host='ollama', port=11434): Read time...
2025-07-27 15:56:55 - agentic_system - INFO - chinese_teacher completed processing message #2
2025-07-27 15:57:05 - agentic_system - WARNING - Kafka health check failed: KafkaAdminClient.describe_cluster() got an unexpected keyword argument 'timeout_ms'
2025-07-27 15:57:18 - agentic_system - INFO - Ollama request completed: Input tokens: 319, Output tokens: 394, Response time: 33.69s
2025-07-27 15:57:18 - agentic_system - INFO - Cost logged: english_teacher request $0.000000, tokens: 0, time: 33.69s
2025-07-27 15:57:18 - agentic_system - INFO - Message sent to topic 'result': RecordMetadata(topic='result', partition=0, topic_partition=TopicPartition(topic='result', partition=0), offset=5, timestamp=1753631838051, log_start_offset=0, checksum=None, serialized_key_size=-1, serialized_value_size=1947, serialized_header_size=-1)
2025-07-27 15:57:18 - agentic_system - INFO - Received response from english_teacher: As an English language teacher, I'd be happy to help you identify some common English grammar mistak...
2025-07-27 15:57:18 - agentic_system - INFO - english_teacher completed processing message #4
2025-07-27 15:57:18 - agentic_system - INFO - Stopping Agentic Teaching System...
2025-07-27 15:57:19 - agentic_system - INFO - Result listener stopped
2025-07-27 15:57:20 - agentic_system - INFO - Stopped consumer for english_teacher
2025-07-27 15:57:20 - agentic_system - INFO - Stopped consumer for chinese_teacher
2025-07-27 15:57:20 - agentic_system - INFO - All agent consumers stopped
2025-07-27 15:57:25 - agentic_system - INFO - Health monitoring stopped
2025-07-27 15:57:25 - agentic_system - INFO - Agentic Teaching System stopped
2025-07-27 15:57:36 - agentic_system - ERROR - Failed to initialize Kafka admin client: NoBrokersAvailable
2025-07-27 15:57:36 - agentic_system - INFO - Agent registered: english_teacher_001 -> english_teacher
2025-07-27 15:57:36 - agentic_system - INFO - Agent registered: chinese_teacher_001 -> chinese_teacher
2025-07-27 15:57:36 - agentic_system - INFO - Trying to validate gemini for dynamic_assign
2025-07-27 15:57:36 - agentic_system - INFO - Validation result for gemini: {'valid': False, 'error': 'GEMINI_API_KEY not found in environment variables', 'suggestion': 'Set GEMINI_API_KEY in your .env file'}
2025-07-27 15:57:36 - agentic_system - WARNING - gemini validation failed: GEMINI_API_KEY not found in environment variables
2025-07-27 15:57:36 - agentic_system - INFO - Trying to validate ollama for dynamic_assign
2025-07-27 15:57:36 - agentic_system - INFO - Attempting to connect to Ollama server at http://ollama:11434 (attempt 1/5)
2025-07-27 15:57:36 - agentic_system - INFO - Ollama engine initialized with model: llama3.1:8b
2025-07-27 15:57:36 - agentic_system - INFO - Validating Ollama server connection (attempt 1/3)
2025-07-27 15:57:36 - agentic_system - INFO - Ollama server validation successful
2025-07-27 15:57:36 - agentic_system - INFO - Validation result for ollama: {'valid': True, 'message': 'Ollama engine configuration is valid'}
2025-07-27 15:57:36 - agentic_system - INFO - Creating ollama engine for dynamic_assign
2025-07-27 15:57:36 - agentic_system - INFO - Attempting to connect to Ollama server at http://ollama:11434 (attempt 1/5)
2025-07-27 15:57:36 - agentic_system - INFO - Ollama engine initialized with model: llama3.1:8b
2025-07-27 15:57:36 - agentic_system - INFO - Created Ollama engine with model: llama3.1:8b at http://ollama:11434
2025-07-27 15:57:36 - agentic_system - INFO - Starting Agentic Teaching System...
2025-07-27 15:57:36 - agentic_system - INFO - Waiting for infrastructure services to be ready...
2025-07-27 15:57:46 - agentic_system - INFO - Health monitoring started
2025-07-27 15:57:46 - agentic_system - INFO - Initializing agents...
2025-07-27 15:57:46 - agentic_system - INFO - Trying to validate gemini for english_teacher
2025-07-27 15:57:46 - agentic_system - INFO - Validation result for gemini: {'valid': False, 'error': 'GEMINI_API_KEY not found in environment variables', 'suggestion': 'Set GEMINI_API_KEY in your .env file'}
2025-07-27 15:57:46 - agentic_system - WARNING - gemini validation failed: GEMINI_API_KEY not found in environment variables
2025-07-27 15:57:46 - agentic_system - INFO - Trying to validate ollama for english_teacher
2025-07-27 15:57:46 - agentic_system - INFO - Attempting to connect to Ollama server at http://ollama:11434 (attempt 1/5)
2025-07-27 15:57:46 - agentic_system - INFO - Ollama engine initialized with model: llama3.1:8b
2025-07-27 15:57:46 - agentic_system - INFO - Validating Ollama server connection (attempt 1/3)
2025-07-27 15:57:46 - agentic_system - INFO - Ollama server validation successful
2025-07-27 15:57:46 - agentic_system - INFO - Validation result for ollama: {'valid': True, 'message': 'Ollama engine configuration is valid'}
2025-07-27 15:57:46 - agentic_system - INFO - Creating ollama engine for english_teacher
2025-07-27 15:57:46 - agentic_system - INFO - Attempting to connect to Ollama server at http://ollama:11434 (attempt 1/5)
2025-07-27 15:57:46 - agentic_system - INFO - Ollama engine initialized with model: llama3.1:8b
2025-07-27 15:57:46 - agentic_system - INFO - Created Ollama engine with model: llama3.1:8b at http://ollama:11434
2025-07-27 15:57:46 - agentic_system - INFO - Agent initialized: english_teacher_001 (english_teacher)
2025-07-27 15:57:46 - agentic_system - INFO - Trying to validate gemini for chinese_teacher
2025-07-27 15:57:46 - agentic_system - INFO - Validation result for gemini: {'valid': False, 'error': 'GEMINI_API_KEY not found in environment variables', 'suggestion': 'Set GEMINI_API_KEY in your .env file'}
2025-07-27 15:57:46 - agentic_system - WARNING - gemini validation failed: GEMINI_API_KEY not found in environment variables
2025-07-27 15:57:46 - agentic_system - INFO - Trying to validate ollama for chinese_teacher
2025-07-27 15:57:46 - agentic_system - INFO - Attempting to connect to Ollama server at http://ollama:11434 (attempt 1/5)
2025-07-27 15:57:46 - agentic_system - INFO - Ollama engine initialized with model: llama3.1:8b
2025-07-27 15:57:46 - agentic_system - INFO - Validating Ollama server connection (attempt 1/3)
2025-07-27 15:57:46 - agentic_system - INFO - Ollama server validation successful
2025-07-27 15:57:46 - agentic_system - INFO - Validation result for ollama: {'valid': True, 'message': 'Ollama engine configuration is valid'}
2025-07-27 15:57:46 - agentic_system - INFO - Creating ollama engine for chinese_teacher
2025-07-27 15:57:46 - agentic_system - INFO - Attempting to connect to Ollama server at http://ollama:11434 (attempt 1/5)
2025-07-27 15:57:46 - agentic_system - INFO - Ollama engine initialized with model: llama3.1:8b
2025-07-27 15:57:46 - agentic_system - INFO - Created Ollama engine with model: llama3.1:8b at http://ollama:11434
2025-07-27 15:57:46 - agentic_system - INFO - Agent initialized: chinese_teacher_001 (chinese_teacher)
2025-07-27 15:57:46 - agentic_system - INFO - Registered consumer for english_teacher
2025-07-27 15:57:46 - agentic_system - INFO - Registered consumer for chinese_teacher
2025-07-27 15:57:46 - agentic_system - INFO - Initialized 2 agent consumers
2025-07-27 15:57:46 - agentic_system - INFO - Starting agent consumers...
2025-07-27 15:57:46 - agentic_system - ERROR - Admin client not available
2025-07-27 15:57:46 - agentic_system - INFO - Started consumer for english_teacher on topic english_teacher
2025-07-27 15:57:46 - agentic_system - INFO - Started consumer for chinese_teacher on topic chinese_teacher
2025-07-27 15:57:46 - agentic_system - INFO - All agent consumers started
2025-07-27 15:57:46 - agentic_system - INFO - Kafka consumer created for topics: ['english_teacher']
2025-07-27 15:57:46 - agentic_system - INFO - Kafka consumer created for topics: ['chinese_teacher']
2025-07-27 15:57:46 - agentic_system - INFO - Consumer for english_teacher listening on english_teacher
2025-07-27 15:57:46 - agentic_system - INFO - Consumer for chinese_teacher listening on chinese_teacher
2025-07-27 15:57:49 - agentic_system - INFO - Starting student producer...
2025-07-27 15:57:49 - agentic_system - INFO - Student producer initialized: demo_student_001
2025-07-27 15:57:49 - agentic_system - INFO - Result listener started
2025-07-27 15:57:49 - agentic_system - INFO - Agentic Teaching System started successfully!
2025-07-27 15:57:49 - agentic_system - INFO - Kafka consumer created for topics: ['result']
2025-07-27 15:57:49 - agentic_system - INFO - Listening for results...
2025-07-27 15:57:53 - agentic_system - INFO - Ollama request completed: Input tokens: 212, Output tokens: 3, Response time: 4.03s
2025-07-27 15:57:53 - agentic_system - INFO - Dynamic assignment: 'What is the difference between 'their', 'there', a...' -> english_teacher
2025-07-27 15:57:53 - agentic_system - INFO - Kafka producer created successfully
2025-07-27 15:57:53 - agentic_system - INFO - Message sent to topic 'english_teacher': RecordMetadata(topic='english_teacher', partition=0, topic_partition=TopicPartition(topic='english_teacher', partition=0), offset=0, timestamp=1753631873872, log_start_offset=0, checksum=None, serialized_key_size=-1, serialized_value_size=202, serialized_header_size=-1)
2025-07-27 15:57:53 - agentic_system - INFO - Question sent to english_teacher: What is the difference between 'their', 'there', a...
2025-07-27 15:57:53 - agentic_system - INFO - english_teacher processing message #1
2025-07-27 15:57:53 - agentic_system - INFO - English teacher processing message: What is the difference between 'their', 'there', a...
2025-07-27 15:57:57 - agentic_system - INFO - Trying to validate gemini for english_teacher
2025-07-27 15:57:57 - agentic_system - INFO - Validation result for gemini: {'valid': False, 'error': 'GEMINI_API_KEY not found in environment variables', 'suggestion': 'Set GEMINI_API_KEY in your .env file'}
2025-07-27 15:57:57 - agentic_system - WARNING - gemini validation failed: GEMINI_API_KEY not found in environment variables
2025-07-27 15:57:57 - agentic_system - INFO - Trying to validate ollama for english_teacher
2025-07-27 15:57:57 - agentic_system - INFO - Attempting to connect to Ollama server at http://ollama:11434 (attempt 1/5)
2025-07-27 15:57:57 - agentic_system - INFO - Ollama engine initialized with model: llama3.1:8b
2025-07-27 15:57:57 - agentic_system - INFO - Validating Ollama server connection (attempt 1/3)
2025-07-27 15:57:57 - agentic_system - INFO - Ollama server validation successful
2025-07-27 15:57:57 - agentic_system - INFO - Validation result for ollama: {'valid': True, 'message': 'Ollama engine configuration is valid'}
2025-07-27 15:57:57 - agentic_system - INFO - Creating ollama engine for english_teacher
2025-07-27 15:57:57 - agentic_system - INFO - Attempting to connect to Ollama server at http://ollama:11434 (attempt 1/5)
2025-07-27 15:57:57 - agentic_system - INFO - Ollama engine initialized with model: llama3.1:8b
2025-07-27 15:57:57 - agentic_system - INFO - Created Ollama engine with model: llama3.1:8b at http://ollama:11434
2025-07-27 15:57:57 - agentic_system - INFO - Agent initialized: english_teacher_001 (english_teacher)
2025-07-27 15:58:01 - agentic_system - INFO - Ollama request completed: Input tokens: 210, Output tokens: 3, Response time: 5.06s
2025-07-27 15:58:01 - agentic_system - INFO - Dynamic assignment: 'Can you explain the symbolism in Shakespeare's Mac...' -> english_teacher
2025-07-27 15:58:01 - agentic_system - INFO - Message sent to topic 'english_teacher': RecordMetadata(topic='english_teacher', partition=0, topic_partition=TopicPartition(topic='english_teacher', partition=0), offset=1, timestamp=1753631881942, log_start_offset=0, checksum=None, serialized_key_size=-1, serialized_value_size=194, serialized_header_size=-1)
2025-07-27 15:58:01 - agentic_system - INFO - Question sent to english_teacher: Can you explain the symbolism in Shakespeare's Mac...
2025-07-27 15:58:07 - agentic_system - INFO - Ollama request completed: Input tokens: 206, Output tokens: 3, Response time: 2.75s
2025-07-27 15:58:07 - agentic_system - INFO - Dynamic assignment: 'What does the Chinese phrase '塞翁失馬' mean?...' -> chinese_teacher
2025-07-27 15:58:07 - agentic_system - INFO - Message sent to topic 'chinese_teacher': RecordMetadata(topic='chinese_teacher', partition=0, topic_partition=TopicPartition(topic='chinese_teacher', partition=0), offset=0, timestamp=1753631887697, log_start_offset=0, checksum=None, serialized_key_size=-1, serialized_value_size=200, serialized_header_size=-1)
2025-07-27 15:58:07 - agentic_system - INFO - chinese_teacher processing message #1
2025-07-27 15:58:07 - agentic_system - INFO - Question sent to chinese_teacher: What does the Chinese phrase '塞翁失馬' mean?...
2025-07-27 15:58:07 - agentic_system - INFO - Chinese teacher processing message: What does the Chinese phrase '塞翁失馬' mean?...
2025-07-27 15:58:17 - agentic_system - INFO - Getting weather for: {'location': 'Tokyo'}
2025-07-27 15:58:17 - agentic_system - ERROR - Weather check error: 'dict' object has no attribute 'lower'
2025-07-27 15:58:42 - agentic_system - INFO - Ollama request completed: Input tokens: 428, Output tokens: 353, Response time: 35.22s
2025-07-27 15:58:42 - agentic_system - INFO - Message sent to topic 'result': RecordMetadata(topic='result', partition=0, topic_partition=TopicPartition(topic='result', partition=0), offset=0, timestamp=1753631922934, log_start_offset=0, checksum=None, serialized_key_size=-1, serialized_value_size=1693, serialized_header_size=-1)
2025-07-27 15:58:42 - agentic_system - INFO - Received response from chinese_teacher: "塞翁失馬" is a classical Chinese idiom that literally translates to "a fisherman lost his horse". Howev...
2025-07-27 15:58:42 - agentic_system - INFO - chinese_teacher completed processing message #1
2025-07-27 15:58:46 - agentic_system - INFO - Ollama request completed: Input tokens: 207, Output tokens: 3, Response time: 36.23s
2025-07-27 15:58:46 - agentic_system - INFO - Dynamic assignment: 'How can I improve my English pronunciation?...' -> english_teacher
2025-07-27 15:58:46 - agentic_system - INFO - Message sent to topic 'english_teacher': RecordMetadata(topic='english_teacher', partition=0, topic_partition=TopicPartition(topic='english_teacher', partition=0), offset=2, timestamp=1753631926931, log_start_offset=0, checksum=None, serialized_key_size=-1, serialized_value_size=181, serialized_header_size=-1)
2025-07-27 15:58:46 - agentic_system - INFO - Question sent to english_teacher: How can I improve my English pronunciation?...
2025-07-27 15:58:47 - agentic_system - INFO - Ollama request completed: Input tokens: 361, Output tokens: 367, Response time: 53.48s
2025-07-27 15:58:47 - agentic_system - INFO - Cost logged: english_teacher request $0.000000, tokens: 0, time: 53.48s
2025-07-27 15:58:47 - agentic_system - INFO - Message sent to topic 'result': RecordMetadata(topic='result', partition=0, topic_partition=TopicPartition(topic='result', partition=0), offset=1, timestamp=1753631927366, log_start_offset=0, checksum=None, serialized_key_size=-1, serialized_value_size=1829, serialized_header_size=-1)
2025-07-27 15:58:47 - agentic_system - INFO - english_teacher completed processing message #1
2025-07-27 15:58:47 - agentic_system - INFO - Received response from english_teacher: One of the most common confusions in English is indeed the difference between "their", "there", and ...
2025-07-27 15:58:47 - agentic_system - INFO - english_teacher processing message #2
2025-07-27 15:58:47 - agentic_system - INFO - English teacher processing message: Can you explain the symbolism in Shakespeare's Mac...
2025-07-27 15:58:52 - agentic_system - INFO - Ollama request completed: Input tokens: 204, Output tokens: 3, Response time: 2.74s
2025-07-27 15:58:52 - agentic_system - INFO - Dynamic assignment: 'Analyze the poem '靜夜思' by Li Bai...' -> chinese_teacher
2025-07-27 15:58:52 - agentic_system - INFO - Message sent to topic 'chinese_teacher': RecordMetadata(topic='chinese_teacher', partition=0, topic_partition=TopicPartition(topic='chinese_teacher', partition=0), offset=1, timestamp=1753631932673, log_start_offset=0, checksum=None, serialized_key_size=-1, serialized_value_size=186, serialized_header_size=-1)
2025-07-27 15:58:52 - agentic_system - INFO - chinese_teacher processing message #2
2025-07-27 15:58:52 - agentic_system - INFO - Question sent to chinese_teacher: Analyze the poem '靜夜思' by Li Bai...
2025-07-27 15:58:52 - agentic_system - INFO - Chinese teacher processing message: Analyze the poem '靜夜思' by Li Bai...
2025-07-27 15:59:18 - agentic_system - INFO - Stopping Agentic Teaching System...
2025-07-27 15:59:19 - agentic_system - INFO - Result listener stopped
2025-07-27 15:59:24 - agentic_system - INFO - Stopped consumer for english_teacher
2025-07-27 15:59:29 - agentic_system - INFO - Kafka admin client initialized successfully
2025-07-27 15:59:29 - agentic_system - INFO - Agent registered: english_teacher_001 -> english_teacher
2025-07-27 15:59:29 - agentic_system - INFO - Agent registered: chinese_teacher_001 -> chinese_teacher
2025-07-27 15:59:29 - agentic_system - INFO - Trying to validate gemini for dynamic_assign
2025-07-27 15:59:29 - agentic_system - INFO - Validation result for gemini: {'valid': False, 'error': 'GEMINI_API_KEY not found in environment variables', 'suggestion': 'Set GEMINI_API_KEY in your .env file'}
2025-07-27 15:59:29 - agentic_system - WARNING - gemini validation failed: GEMINI_API_KEY not found in environment variables
2025-07-27 15:59:29 - agentic_system - INFO - Trying to validate ollama for dynamic_assign
2025-07-27 15:59:29 - agentic_system - INFO - Attempting to connect to Ollama server at http://ollama:11434 (attempt 1/5)
2025-07-27 15:59:29 - agentic_system - INFO - Ollama engine initialized with model: llama3.1:8b
2025-07-27 15:59:29 - agentic_system - INFO - Validating Ollama server connection (attempt 1/3)
2025-07-27 15:59:29 - agentic_system - INFO - Ollama server validation successful
2025-07-27 15:59:29 - agentic_system - INFO - Validation result for ollama: {'valid': True, 'message': 'Ollama engine configuration is valid'}
2025-07-27 15:59:29 - agentic_system - INFO - Creating ollama engine for dynamic_assign
2025-07-27 15:59:29 - agentic_system - INFO - Attempting to connect to Ollama server at http://ollama:11434 (attempt 1/5)
2025-07-27 15:59:29 - agentic_system - INFO - Ollama engine initialized with model: llama3.1:8b
2025-07-27 15:59:29 - agentic_system - INFO - Created Ollama engine with model: llama3.1:8b at http://ollama:11434
2025-07-27 15:59:29 - agentic_system - INFO - Starting Agentic Teaching System...
2025-07-27 15:59:29 - agentic_system - INFO - Waiting for infrastructure services to be ready...
2025-07-27 15:59:39 - agentic_system - WARNING - Kafka health check failed: KafkaAdminClient.describe_cluster() got an unexpected keyword argument 'timeout_ms'
2025-07-27 15:59:39 - agentic_system - INFO - Health monitoring started
2025-07-27 15:59:39 - agentic_system - INFO - Initializing agents...
2025-07-27 15:59:39 - agentic_system - INFO - Trying to validate gemini for english_teacher
2025-07-27 15:59:39 - agentic_system - INFO - Validation result for gemini: {'valid': False, 'error': 'GEMINI_API_KEY not found in environment variables', 'suggestion': 'Set GEMINI_API_KEY in your .env file'}
2025-07-27 15:59:39 - agentic_system - WARNING - gemini validation failed: GEMINI_API_KEY not found in environment variables
2025-07-27 15:59:39 - agentic_system - INFO - Trying to validate ollama for english_teacher
2025-07-27 15:59:39 - agentic_system - INFO - Attempting to connect to Ollama server at http://ollama:11434 (attempt 1/5)
2025-07-27 15:59:39 - agentic_system - INFO - Ollama engine initialized with model: llama3.1:8b
2025-07-27 15:59:39 - agentic_system - INFO - Validating Ollama server connection (attempt 1/3)
2025-07-27 15:59:39 - agentic_system - INFO - Ollama server validation successful
2025-07-27 15:59:39 - agentic_system - INFO - Validation result for ollama: {'valid': True, 'message': 'Ollama engine configuration is valid'}
2025-07-27 15:59:39 - agentic_system - INFO - Creating ollama engine for english_teacher
2025-07-27 15:59:39 - agentic_system - INFO - Attempting to connect to Ollama server at http://ollama:11434 (attempt 1/5)
2025-07-27 15:59:39 - agentic_system - INFO - Ollama engine initialized with model: llama3.1:8b
2025-07-27 15:59:39 - agentic_system - INFO - Created Ollama engine with model: llama3.1:8b at http://ollama:11434
2025-07-27 15:59:39 - agentic_system - INFO - Agent initialized: english_teacher_001 (english_teacher)
2025-07-27 15:59:39 - agentic_system - INFO - Trying to validate gemini for chinese_teacher
2025-07-27 15:59:39 - agentic_system - INFO - Validation result for gemini: {'valid': False, 'error': 'GEMINI_API_KEY not found in environment variables', 'suggestion': 'Set GEMINI_API_KEY in your .env file'}
2025-07-27 15:59:39 - agentic_system - WARNING - gemini validation failed: GEMINI_API_KEY not found in environment variables
2025-07-27 15:59:39 - agentic_system - INFO - Trying to validate ollama for chinese_teacher
2025-07-27 15:59:39 - agentic_system - INFO - Attempting to connect to Ollama server at http://ollama:11434 (attempt 1/5)
2025-07-27 15:59:39 - agentic_system - INFO - Ollama engine initialized with model: llama3.1:8b
2025-07-27 15:59:39 - agentic_system - INFO - Validating Ollama server connection (attempt 1/3)
2025-07-27 15:59:39 - agentic_system - INFO - Ollama server validation successful
2025-07-27 15:59:39 - agentic_system - INFO - Validation result for ollama: {'valid': True, 'message': 'Ollama engine configuration is valid'}
2025-07-27 15:59:39 - agentic_system - INFO - Creating ollama engine for chinese_teacher
2025-07-27 15:59:39 - agentic_system - INFO - Attempting to connect to Ollama server at http://ollama:11434 (attempt 1/5)
2025-07-27 15:59:39 - agentic_system - INFO - Ollama engine initialized with model: llama3.1:8b
2025-07-27 15:59:39 - agentic_system - INFO - Created Ollama engine with model: llama3.1:8b at http://ollama:11434
2025-07-27 15:59:39 - agentic_system - INFO - Agent initialized: chinese_teacher_001 (chinese_teacher)
2025-07-27 15:59:39 - agentic_system - INFO - Registered consumer for english_teacher
2025-07-27 15:59:39 - agentic_system - INFO - Registered consumer for chinese_teacher
2025-07-27 15:59:39 - agentic_system - INFO - Initialized 2 agent consumers
2025-07-27 15:59:39 - agentic_system - INFO - Starting agent consumers...
2025-07-27 15:59:39 - agentic_system - ERROR - Failed to list topics: 'dict' object has no attribute 'topics'
2025-07-27 15:59:39 - agentic_system - ERROR - Failed to create topics: [Error 36] TopicAlreadyExistsError: Request 'CreateTopicsRequest_v3(create_topic_requests=[(topic='english_teacher', num_partitions=1, replication_factor=1, replica_assignment=[], configs=[]), (topic='chinese_teacher', num_partitions=1, replication_factor=1, replica_assignment=[], configs=[]), (topic='result', num_partitions=1, replication_factor=1, replica_assignment=[], configs=[])], timeout=30000, validate_only=False)' failed with response 'CreateTopicsResponse_v3(throttle_time_ms=0, topic_errors=[(topic='english_teacher', error_code=36, error_message="Topic 'english_teacher' already exists."), (topic='chinese_teacher', error_code=36, error_message="Topic 'chinese_teacher' already exists."), (topic='result', error_code=36, error_message="Topic 'result' already exists.")])'.
2025-07-27 15:59:39 - agentic_system - INFO - Started consumer for english_teacher on topic english_teacher
2025-07-27 15:59:39 - agentic_system - INFO - Started consumer for chinese_teacher on topic chinese_teacher
2025-07-27 15:59:39 - agentic_system - INFO - All agent consumers started
2025-07-27 15:59:39 - agentic_system - INFO - Kafka consumer created for topics: ['english_teacher']
2025-07-27 15:59:39 - agentic_system - INFO - Consumer for english_teacher listening on english_teacher
2025-07-27 15:59:39 - agentic_system - INFO - Kafka consumer created for topics: ['chinese_teacher']
2025-07-27 15:59:39 - agentic_system - INFO - Consumer for chinese_teacher listening on chinese_teacher
2025-07-27 15:59:39 - agentic_system - INFO - chinese_teacher processing message #1
2025-07-27 15:59:39 - agentic_system - INFO - Chinese teacher processing message: Analyze the poem '靜夜思' by Li Bai...
2025-07-27 15:59:42 - agentic_system - INFO - Starting student producer...
2025-07-27 15:59:42 - agentic_system - INFO - Student producer initialized: demo_student_001
2025-07-27 15:59:42 - agentic_system - INFO - Result listener started
2025-07-27 15:59:42 - agentic_system - INFO - Agentic Teaching System started successfully!
2025-07-27 15:59:42 - agentic_system - INFO - Kafka consumer created for topics: ['result']
2025-07-27 15:59:42 - agentic_system - INFO - Listening for results...
2025-07-27 15:59:46 - agentic_system - INFO - Ollama request completed: Input tokens: 212, Output tokens: 3, Response time: 4.05s
2025-07-27 15:59:46 - agentic_system - INFO - Dynamic assignment: 'What is the difference between 'their', 'there', a...' -> english_teacher
2025-07-27 15:59:46 - agentic_system - INFO - Kafka producer created successfully
2025-07-27 15:59:46 - agentic_system - INFO - Message sent to topic 'english_teacher': RecordMetadata(topic='english_teacher', partition=0, topic_partition=TopicPartition(topic='english_teacher', partition=0), offset=3, timestamp=1753631986843, log_start_offset=0, checksum=None, serialized_key_size=-1, serialized_value_size=202, serialized_header_size=-1)
2025-07-27 15:59:46 - agentic_system - INFO - Question sent to english_teacher: What is the difference between 'their', 'there', a...
2025-07-27 15:59:46 - agentic_system - INFO - english_teacher processing message #1
2025-07-27 15:59:46 - agentic_system - INFO - English teacher processing message: What is the difference between 'their', 'there', a...
2025-07-27 15:59:47 - agentic_system - INFO - Getting weather for: Tokyo
2025-07-27 15:59:47 - agentic_system - INFO - Weather data retrieved for Tokyo
2025-07-27 15:59:56 - agentic_system - INFO - Calculating: 15*23
2025-07-27 15:59:56 - agentic_system - INFO - Calculation result: 15*23 = 345
2025-07-27 16:00:09 - agentic_system - WARNING - Kafka health check failed: KafkaAdminClient.describe_cluster() got an unexpected keyword argument 'timeout_ms'
2025-07-27 16:00:24 - agentic_system - INFO - Trying to validate gemini for english_teacher
2025-07-27 16:00:24 - agentic_system - INFO - Validation result for gemini: {'valid': False, 'error': 'GEMINI_API_KEY not found in environment variables', 'suggestion': 'Set GEMINI_API_KEY in your .env file'}
2025-07-27 16:00:24 - agentic_system - WARNING - gemini validation failed: GEMINI_API_KEY not found in environment variables
2025-07-27 16:00:24 - agentic_system - INFO - Trying to validate ollama for english_teacher
2025-07-27 16:00:24 - agentic_system - INFO - Attempting to connect to Ollama server at http://ollama:11434 (attempt 1/5)
2025-07-27 16:00:24 - agentic_system - INFO - Ollama engine initialized with model: llama3.1:8b
2025-07-27 16:00:24 - agentic_system - INFO - Validating Ollama server connection (attempt 1/3)
2025-07-27 16:00:24 - agentic_system - INFO - Ollama server validation successful
2025-07-27 16:00:24 - agentic_system - INFO - Validation result for ollama: {'valid': True, 'message': 'Ollama engine configuration is valid'}
2025-07-27 16:00:24 - agentic_system - INFO - Creating ollama engine for english_teacher
2025-07-27 16:00:24 - agentic_system - INFO - Attempting to connect to Ollama server at http://ollama:11434 (attempt 1/5)
2025-07-27 16:00:24 - agentic_system - INFO - Ollama engine initialized with model: llama3.1:8b
2025-07-27 16:00:24 - agentic_system - INFO - Created Ollama engine with model: llama3.1:8b at http://ollama:11434
2025-07-27 16:00:36 - agentic_system - INFO - Ollama request completed: Input tokens: 361, Output tokens: 463, Response time: 49.51s
2025-07-27 16:00:36 - agentic_system - INFO - Cost logged: english_teacher request $0.000000, tokens: 0, time: 49.51s
2025-07-27 16:00:36 - agentic_system - INFO - Message sent to topic 'result': RecordMetadata(topic='result', partition=0, topic_partition=TopicPartition(topic='result', partition=0), offset=2, timestamp=1753632036359, log_start_offset=0, checksum=None, serialized_key_size=-1, serialized_value_size=2224, serialized_header_size=-1)
2025-07-27 16:00:36 - agentic_system - INFO - Received response from english_teacher: A classic grammar conundrum! Don't worry, I'm here to help clarify the difference between 'their', '...
2025-07-27 16:00:36 - agentic_system - INFO - english_teacher completed processing message #1
2025-07-27 16:00:39 - agentic_system - WARNING - Kafka health check failed: KafkaAdminClient.describe_cluster() got an unexpected keyword argument 'timeout_ms'
2025-07-27 16:00:39 - agentic_system - ERROR - Network error with Ollama: HTTPConnectionPool(host='ollama', port=11434): Read timed out. (read timeout=60)
2025-07-27 16:00:39 - agentic_system - INFO - Message sent to topic 'result': RecordMetadata(topic='result', partition=0, topic_partition=TopicPartition(topic='result', partition=0), offset=3, timestamp=1753632039909, log_start_offset=0, checksum=None, serialized_key_size=-1, serialized_value_size=336, serialized_header_size=-1)
2025-07-27 16:00:39 - agentic_system - INFO - chinese_teacher completed processing message #1
2025-07-27 16:00:40 - agentic_system - INFO - Ollama request completed: Input tokens: 210, Output tokens: 3, Response time: 50.64s
2025-07-27 16:00:40 - agentic_system - INFO - Dynamic assignment: 'Can you explain the symbolism in Shakespeare's Mac...' -> english_teacher
2025-07-27 16:00:40 - agentic_system - INFO - Message sent to topic 'english_teacher': RecordMetadata(topic='english_teacher', partition=0, topic_partition=TopicPartition(topic='english_teacher', partition=0), offset=4, timestamp=1753632040486, log_start_offset=0, checksum=None, serialized_key_size=-1, serialized_value_size=194, serialized_header_size=-1)
2025-07-27 16:00:40 - agentic_system - INFO - english_teacher processing message #2
2025-07-27 16:00:40 - agentic_system - INFO - Question sent to english_teacher: Can you explain the symbolism in Shakespeare's Mac...
2025-07-27 16:00:40 - agentic_system - INFO - English teacher processing message: Can you explain the symbolism in Shakespeare's Mac...
2025-07-27 16:01:09 - agentic_system - WARNING - Kafka health check failed: KafkaAdminClient.describe_cluster() got an unexpected keyword argument 'timeout_ms'
2025-07-27 16:01:14 - agentic_system - INFO - Ollama request completed: Input tokens: 6, Output tokens: 300, Response time: 49.52s
2025-07-27 16:01:18 - agentic_system - INFO - Ollama request completed: Input tokens: 206, Output tokens: 3, Response time: 35.04s
2025-07-27 16:01:18 - agentic_system - INFO - Dynamic assignment: 'What does the Chinese phrase '塞翁失馬' mean?...' -> chinese_teacher
2025-07-27 16:01:18 - agentic_system - INFO - Message sent to topic 'chinese_teacher': RecordMetadata(topic='chinese_teacher', partition=0, topic_partition=TopicPartition(topic='chinese_teacher', partition=0), offset=2, timestamp=1753632078532, log_start_offset=0, checksum=None, serialized_key_size=-1, serialized_value_size=200, serialized_header_size=-1)
2025-07-27 16:01:18 - agentic_system - INFO - chinese_teacher processing message #2
2025-07-27 16:01:18 - agentic_system - INFO - Question sent to chinese_teacher: What does the Chinese phrase '塞翁失馬' mean?...
2025-07-27 16:01:18 - agentic_system - INFO - Chinese teacher processing message: What does the Chinese phrase '塞翁失馬' mean?...
2025-07-27 16:01:36 - agentic_system - INFO - Ollama request completed: Input tokens: 359, Output tokens: 507, Response time: 56.14s
2025-07-27 16:01:36 - agentic_system - INFO - Cost logged: english_teacher request $0.000000, tokens: 0, time: 56.14s
2025-07-27 16:01:36 - agentic_system - INFO - Message sent to topic 'result': RecordMetadata(topic='result', partition=0, topic_partition=TopicPartition(topic='result', partition=0), offset=4, timestamp=1753632096627, log_start_offset=0, checksum=None, serialized_key_size=-1, serialized_value_size=2353, serialized_header_size=-1)
2025-07-27 16:01:36 - agentic_system - INFO - english_teacher completed processing message #2
2025-07-27 16:01:36 - agentic_system - INFO - Received response from english_teacher: Symbolism is a rich and complex aspect of Shakespeare's Macbeth, and I'd be delighted to help you un...
2025-07-27 16:01:39 - agentic_system - WARNING - Kafka health check failed: KafkaAdminClient.describe_cluster() got an unexpected keyword argument 'timeout_ms'
2025-07-27 16:01:40 - agentic_system - INFO - Ollama request completed: Input tokens: 207, Output tokens: 3, Response time: 19.15s
2025-07-27 16:01:40 - agentic_system - INFO - Dynamic assignment: 'How can I improve my English pronunciation?...' -> english_teacher
2025-07-27 16:01:40 - agentic_system - INFO - Message sent to topic 'english_teacher': RecordMetadata(topic='english_teacher', partition=0, topic_partition=TopicPartition(topic='english_teacher', partition=0), offset=5, timestamp=1753632100686, log_start_offset=0, checksum=None, serialized_key_size=-1, serialized_value_size=182, serialized_header_size=-1)
2025-07-27 16:01:40 - agentic_system - INFO - english_teacher processing message #3
2025-07-27 16:01:40 - agentic_system - INFO - Question sent to english_teacher: How can I improve my English pronunciation?...
2025-07-27 16:01:40 - agentic_system - INFO - English teacher processing message: How can I improve my English pronunciation?...
2025-07-27 16:01:42 - agentic_system - INFO - Trying to validate gemini for english_teacher
2025-07-27 16:01:42 - agentic_system - INFO - Validation result for gemini: {'valid': False, 'error': 'GEMINI_API_KEY not found in environment variables', 'suggestion': 'Set GEMINI_API_KEY in your .env file'}
2025-07-27 16:01:42 - agentic_system - WARNING - gemini validation failed: GEMINI_API_KEY not found in environment variables
2025-07-27 16:01:42 - agentic_system - INFO - Trying to validate ollama for english_teacher
2025-07-27 16:01:42 - agentic_system - INFO - Attempting to connect to Ollama server at http://ollama:11434 (attempt 1/5)
2025-07-27 16:01:42 - agentic_system - INFO - Ollama engine initialized with model: llama3.1:8b
2025-07-27 16:01:42 - agentic_system - INFO - Validating Ollama server connection (attempt 1/3)
2025-07-27 16:01:42 - agentic_system - INFO - Ollama server validation successful
2025-07-27 16:01:42 - agentic_system - INFO - Validation result for ollama: {'valid': True, 'message': 'Ollama engine configuration is valid'}
2025-07-27 16:01:42 - agentic_system - INFO - Creating ollama engine for english_teacher
2025-07-27 16:01:42 - agentic_system - INFO - Attempting to connect to Ollama server at http://ollama:11434 (attempt 1/5)
2025-07-27 16:01:42 - agentic_system - INFO - Ollama engine initialized with model: llama3.1:8b
2025-07-27 16:01:42 - agentic_system - INFO - Created Ollama engine with model: llama3.1:8b at http://ollama:11434
2025-07-27 16:01:54 - agentic_system - ERROR - Network error with Ollama: ('Connection aborted.', RemoteDisconnected('Remote end closed connection without response'))
2025-07-27 16:01:54 - agentic_system - ERROR - Network error with Ollama: ('Connection aborted.', RemoteDisconnected('Remote end closed connection without response'))
2025-07-27 16:01:54 - agentic_system - ERROR - Network error with Ollama: ('Connection aborted.', RemoteDisconnected('Remote end closed connection without response'))
2025-07-27 16:01:54 - agentic_system - ERROR - Network error with Ollama: ('Connection aborted.', RemoteDisconnected('Remote end closed connection without response'))
2025-07-27 16:01:54 - agentic_system - INFO - Stopping Agentic Teaching System...
